Username,Comment
@far.rux235,@zebo.239 @begu.bor2025 @temu_r239 @xolbek9501Omad yor boÊ»lsin ishlarizni rivojini bersinğŸ˜ğŸ˜ğŸ˜ğŸ˜ğŸ˜ğŸ˜ğŸ˜ğŸ˜â¤ï¸â¤ï¸â¤ï¸â¤ï¸â¤ï¸â¤ï¸â¤ï¸â¤ï¸â¤ï¸â¤ï¸ğŸ˜ğŸ˜ğŸ˜ğŸ˜ğŸ˜ğŸ”¥ğŸ”¥ğŸ”¥Omad yor boÊ»lsin ishlarizni rivojini bersinğŸ˜ğŸ˜ğŸ˜ğŸ˜ğŸ˜ğŸ˜ğŸ˜ğŸ˜â¤ï¸â¤ï¸â¤ï¸â¤ï¸â¤ï¸â¤ï¸â¤ï¸â¤ï¸â¤ï¸â¤ï¸ğŸ˜ğŸ˜ğŸ˜ğŸ˜ğŸ˜ğŸ”¥ğŸ”¥ğŸ”¥Omad yor boÊ»lsin ishlarizni rivojini bersinğŸ˜ğŸ˜ğŸ˜ğŸ˜ğŸ˜ğŸ˜ğŸ˜ğŸ˜â¤ï¸â¤ï¸â¤ï¸â¤ï¸â¤ï¸â¤ï¸â¤ï¸â¤ï¸â¤ï¸â¤ï¸ğŸ˜ğŸ˜ğŸ˜ğŸ˜ğŸ˜ğŸ”¥ğŸ”¥ğŸ”¥Omad yor boÊ»lsin ishlarizni rivojini bersinğŸ˜ğŸ˜ğŸ˜ğŸ˜ğŸ˜ğŸ˜ğŸ˜ğŸ˜â¤ï¸â¤ï¸â¤ï¸â¤ï¸â¤ï¸â¤ï¸â¤ï¸â¤ï¸â¤ï¸â¤ï¸ğŸ˜ğŸ˜ğŸ˜ğŸ˜ğŸ˜ğŸ”¥ğŸ”¥ğŸ”¥
@guli.16661,"@atirgul.2022
@barbie.19999
@gul696969
@model.qiz.0004
@munchoq.211"
@dil.malika13,@mali.kad13 @de79909 @its_elka5 @mallikaaa13 @malicaaaaa5 @drujbek @malikadilmurodovağŸ˜ğŸ˜ğŸ˜ğŸ˜ğŸ˜ğŸ˜ğŸ˜ğŸ˜ğŸ˜ğŸ˜ğŸ˜ğŸ˜ğŸ˜ğŸ˜ğŸ˜ğŸ˜ğŸ˜ğŸ˜ğŸ˜ğŸ”¥ğŸ”¥ğŸ”¥ğŸ”¥ğŸ”¥ğŸ”¥ğŸ”¥ğŸ”¥ğŸ”¥ğŸ”¥ğŸ”¥ğŸ”¥ğŸ”¥ğŸ”¥ğŸ”¥ğŸ”¥ğŸ”¥ğŸ”¥ğŸ”¥ğŸ”¥ğŸ¤²ğŸ»ğŸ¤²ğŸ»ğŸ¤²ğŸ»ğŸ¤²ğŸ»ğŸ¤²ğŸ»ğŸ¤²ğŸ»ğŸ¤²ğŸ»ğŸ¤²ğŸ»ğŸ¤²ğŸ»ğŸ¤²ğŸ»ğŸ¤²ğŸ»ğŸ¤²ğŸ»ğŸ¤²ğŸ»ğŸ¤²ğŸ»ğŸ¤²ğŸ»ğŸ¤²ğŸ»ğŸ¤²ğŸ»ğŸ¤²ğŸ»ğŸ¤²ğŸ»ğŸ¤²ğŸ»ğŸ¤²ğŸ»ğŸ¤²ğŸ»ğŸ¤²ğŸ»ğŸ˜ğŸ˜ğŸ˜ğŸ˜ğŸ˜ğŸ˜ğŸ˜ğŸ˜ğŸ˜ğŸ˜ğŸ˜ğŸ˜ğŸ˜ğŸ˜ğŸ˜ğŸ˜ğŸ˜ğŸ˜ğŸ˜ğŸ”¥ğŸ”¥ğŸ”¥ğŸ”¥ğŸ”¥ğŸ”¥ğŸ”¥ğŸ”¥ğŸ”¥ğŸ”¥ğŸ”¥ğŸ”¥ğŸ”¥ğŸ”¥ğŸ”¥ğŸ”¥ğŸ”¥ğŸ”¥ğŸ”¥ğŸ”¥ğŸ¤²ğŸ»ğŸ¤²ğŸ»ğŸ¤²ğŸ»ğŸ¤²ğŸ»ğŸ¤²ğŸ»ğŸ¤²ğŸ»ğŸ¤²ğŸ»ğŸ¤²ğŸ»ğŸ¤²ğŸ»ğŸ¤²ğŸ»ğŸ¤²ğŸ»ğŸ¤²ğŸ»ğŸ¤²ğŸ»ğŸ¤²ğŸ»ğŸ¤²ğŸ»ğŸ¤²ğŸ»ğŸ¤²ğŸ»ğŸ¤²ğŸ»ğŸ¤²ğŸ»ğŸ¤²ğŸ»ğŸ¤²ğŸ»ğŸ¤²ğŸ»ğŸ¤²ğŸ»ğŸ˜ğŸ˜ğŸ˜ğŸ˜ğŸ˜ğŸ˜ğŸ˜ğŸ˜ğŸ˜ğŸ˜ğŸ˜ğŸ˜ğŸ˜ğŸ˜ğŸ˜ğŸ˜ğŸ˜ğŸ˜ğŸ˜ğŸ”¥ğŸ”¥ğŸ”¥ğŸ”¥ğŸ”¥ğŸ”¥ğŸ”¥ğŸ”¥ğŸ”¥ğŸ”¥ğŸ”¥ğŸ”¥ğŸ”¥ğŸ”¥ğŸ”¥ğŸ”¥ğŸ”¥ğŸ”¥ğŸ”¥ğŸ”¥ğŸ¤²ğŸ»ğŸ¤²ğŸ»ğŸ¤²ğŸ»ğŸ¤²ğŸ»ğŸ¤²ğŸ»ğŸ¤²ğŸ»ğŸ¤²ğŸ»ğŸ¤²ğŸ»ğŸ¤²ğŸ»ğŸ¤²ğŸ»ğŸ¤²ğŸ»ğŸ¤²ğŸ»ğŸ¤²ğŸ»ğŸ¤²ğŸ»ğŸ¤²ğŸ»ğŸ¤²ğŸ»ğŸ¤²ğŸ»ğŸ¤²ğŸ»ğŸ¤²ğŸ»ğŸ¤²ğŸ»ğŸ¤²ğŸ»ğŸ¤²ğŸ»ğŸ¤²ğŸ»ğŸ˜ğŸ˜ğŸ˜ğŸ˜ğŸ˜ğŸ˜ğŸ˜ğŸ˜ğŸ˜ğŸ˜ğŸ˜ğŸ˜ğŸ˜ğŸ˜ğŸ˜ğŸ˜ğŸ˜ğŸ˜ğŸ˜ğŸ”¥ğŸ”¥ğŸ”¥ğŸ”¥ğŸ”¥ğŸ”¥ğŸ”¥ğŸ”¥ğŸ”¥ğŸ”¥ğŸ”¥ğŸ”¥ğŸ”¥ğŸ”¥ğŸ”¥ğŸ”¥ğŸ”¥ğŸ”¥ğŸ”¥ğŸ”¥ğŸ¤²ğŸ»ğŸ¤²ğŸ»ğŸ¤²ğŸ»ğŸ¤²ğŸ»ğŸ¤²ğŸ»ğŸ¤²ğŸ»ğŸ¤²ğŸ»ğŸ¤²ğŸ»ğŸ¤²ğŸ»ğŸ¤²ğŸ»ğŸ¤²ğŸ»ğŸ¤²ğŸ»ğŸ¤²ğŸ»ğŸ¤²ğŸ»ğŸ¤²ğŸ»ğŸ¤²ğŸ»ğŸ¤²ğŸ»ğŸ¤²ğŸ»ğŸ¤²ğŸ»ğŸ¤²ğŸ»ğŸ¤²ğŸ»ğŸ¤²ğŸ»ğŸ¤²ğŸ»ğŸ˜ğŸ˜ğŸ˜ğŸ˜ğŸ˜ğŸ˜ğŸ˜ğŸ˜ğŸ˜ğŸ˜ğŸ˜ğŸ˜ğŸ˜ğŸ˜ğŸ˜ğŸ˜ğŸ˜ğŸ˜ğŸ˜ğŸ”¥ğŸ”¥ğŸ”¥ğŸ”¥ğŸ”¥ğŸ”¥ğŸ”¥ğŸ”¥ğŸ”¥ğŸ”¥ğŸ”¥ğŸ”¥ğŸ”¥ğŸ”¥ğŸ”¥ğŸ”¥ğŸ”¥ğŸ”¥ğŸ”¥ğŸ”¥ğŸ¤²ğŸ»ğŸ¤²ğŸ»ğŸ¤²ğŸ»ğŸ¤²ğŸ»ğŸ¤²ğŸ»ğŸ¤²ğŸ»ğŸ¤²ğŸ»ğŸ¤²ğŸ»ğŸ¤²ğŸ»ğŸ¤²ğŸ»ğŸ¤²ğŸ»ğŸ¤²ğŸ»ğŸ¤²ğŸ»ğŸ¤²ğŸ»ğŸ¤²ğŸ»ğŸ¤²ğŸ»ğŸ¤²ğŸ»ğŸ¤²ğŸ»ğŸ¤²ğŸ»ğŸ¤²ğŸ»ğŸ¤²ğŸ»ğŸ¤²ğŸ»ğŸ¤²ğŸ»ğŸ˜ğŸ˜ğŸ˜ğŸ˜ğŸ˜ğŸ˜ğŸ˜ğŸ˜ğŸ˜ğŸ˜ğŸ˜ğŸ˜ğŸ˜ğŸ˜ğŸ˜ğŸ˜ğŸ˜ğŸ˜ğŸ˜ğŸ”¥ğŸ”¥ğŸ”¥ğŸ”¥ğŸ”¥ğŸ”¥ğŸ”¥ğŸ”¥ğŸ”¥ğŸ”¥ğŸ”¥ğŸ”¥ğŸ”¥ğŸ”¥ğŸ”¥ğŸ”¥ğŸ”¥ğŸ”¥ğŸ”¥ğŸ”¥ğŸ¤²ğŸ»ğŸ¤²ğŸ»ğŸ¤²ğŸ»ğŸ¤²ğŸ»ğŸ¤²ğŸ»ğŸ¤²ğŸ»ğŸ¤²ğŸ»ğŸ¤²ğŸ»ğŸ¤²ğŸ»ğŸ¤²ğŸ»ğŸ¤²ğŸ»ğŸ¤²ğŸ»ğŸ¤²ğŸ»ğŸ¤²ğŸ»ğŸ¤²ğŸ»ğŸ¤²ğŸ»ğŸ¤²ğŸ»ğŸ¤²ğŸ»ğŸ¤²ğŸ»ğŸ¤²ğŸ»ğŸ¤²ğŸ»ğŸ¤²ğŸ»ğŸ¤²ğŸ»ğŸ˜ğŸ˜ğŸ˜ğŸ˜ğŸ˜ğŸ˜ğŸ˜ğŸ˜ğŸ˜ğŸ˜ğŸ˜ğŸ˜ğŸ˜ğŸ˜ğŸ˜ğŸ˜ğŸ˜ğŸ˜ğŸ˜ğŸ”¥ğŸ”¥ğŸ”¥ğŸ”¥ğŸ”¥ğŸ”¥ğŸ”¥ğŸ”¥ğŸ”¥ğŸ”¥ğŸ”¥ğŸ”¥ğŸ”¥ğŸ”¥ğŸ”¥ğŸ”¥ğŸ”¥ğŸ”¥ğŸ”¥ğŸ”¥ğŸ¤²ğŸ»ğŸ¤²ğŸ»ğŸ¤²ğŸ»ğŸ¤²ğŸ»ğŸ¤²ğŸ»ğŸ¤²ğŸ»ğŸ¤²ğŸ»ğŸ¤²ğŸ»ğŸ¤²ğŸ»ğŸ¤²ğŸ»ğŸ¤²ğŸ»ğŸ¤²ğŸ»ğŸ¤²ğŸ»ğŸ¤²ğŸ»ğŸ¤²ğŸ»ğŸ¤²ğŸ»ğŸ¤²ğŸ»ğŸ¤²ğŸ»ğŸ¤²ğŸ»ğŸ¤²ğŸ»ğŸ¤²ğŸ»ğŸ¤²ğŸ»ğŸ¤²ğŸ»ğŸ˜ğŸ˜ğŸ˜ğŸ˜ğŸ˜ğŸ˜ğŸ˜ğŸ˜ğŸ˜ğŸ˜ğŸ˜ğŸ˜ğŸ˜ğŸ˜ğŸ˜ğŸ˜ğŸ˜ğŸ˜ğŸ˜ğŸ”¥ğŸ”¥ğŸ”¥ğŸ”¥ğŸ”¥ğŸ”¥ğŸ”¥ğŸ”¥ğŸ”¥ğŸ”¥ğŸ”¥ğŸ”¥ğŸ”¥ğŸ”¥ğŸ”¥ğŸ”¥ğŸ”¥ğŸ”¥ğŸ”¥ğŸ”¥ğŸ¤²ğŸ»ğŸ¤²ğŸ»ğŸ¤²ğŸ»ğŸ¤²ğŸ»ğŸ¤²ğŸ»ğŸ¤²ğŸ»ğŸ¤²ğŸ»ğŸ¤²ğŸ»ğŸ¤²ğŸ»ğŸ¤²ğŸ»ğŸ¤²ğŸ»ğŸ¤²ğŸ»ğŸ¤²ğŸ»ğŸ¤²ğŸ»ğŸ¤²ğŸ»ğŸ¤²ğŸ»ğŸ¤²ğŸ»ğŸ¤²ğŸ»ğŸ¤²ğŸ»ğŸ¤²ğŸ»ğŸ¤²ğŸ»ğŸ¤²ğŸ»ğŸ¤²ğŸ»ğŸ˜ğŸ˜ğŸ˜ğŸ˜ğŸ˜ğŸ˜ğŸ˜ğŸ˜ğŸ˜ğŸ˜ğŸ˜ğŸ˜ğŸ˜ğŸ˜ğŸ˜ğŸ˜ğŸ˜ğŸ˜ğŸ˜ğŸ”¥ğŸ”¥ğŸ”¥ğŸ”¥ğŸ”¥ğŸ”¥ğŸ”¥ğŸ”¥ğŸ”¥ğŸ”¥ğŸ”¥ğŸ”¥ğŸ”¥ğŸ”¥ğŸ”¥ğŸ”¥ğŸ”¥ğŸ”¥ğŸ”¥ğŸ”¥ğŸ¤²ğŸ»ğŸ¤²ğŸ»ğŸ¤²ğŸ»ğŸ¤²ğŸ»ğŸ¤²ğŸ»ğŸ¤²ğŸ»ğŸ¤²ğŸ»ğŸ¤²ğŸ»ğŸ¤²ğŸ»ğŸ¤²ğŸ»ğŸ¤²ğŸ»ğŸ¤²ğŸ»ğŸ¤²ğŸ»ğŸ¤²ğŸ»ğŸ¤²ğŸ»ğŸ¤²ğŸ»ğŸ¤²ğŸ»ğŸ¤²ğŸ»ğŸ¤²ğŸ»ğŸ¤²ğŸ»ğŸ¤²ğŸ»ğŸ¤²ğŸ»ğŸ¤²ğŸ»ğŸ˜ğŸ˜ğŸ˜ğŸ˜ğŸ˜ğŸ˜ğŸ˜ğŸ˜ğŸ˜ğŸ˜ğŸ˜ğŸ˜ğŸ˜ğŸ˜ğŸ˜ğŸ˜ğŸ˜ğŸ˜ğŸ˜ğŸ”¥ğŸ”¥ğŸ”¥ğŸ”¥ğŸ”¥ğŸ”¥ğŸ”¥ğŸ”¥ğŸ”¥ğŸ”¥ğŸ”¥ğŸ”¥ğŸ”¥ğŸ”¥ğŸ”¥ğŸ”¥ğŸ”¥ğŸ”¥ğŸ”¥ğŸ”¥ğŸ¤²ğŸ»ğŸ¤²ğŸ»ğŸ¤²ğŸ»ğŸ¤²ğŸ»ğŸ¤²ğŸ»ğŸ¤²ğŸ»ğŸ¤²ğŸ»ğŸ¤²ğŸ»ğŸ¤²ğŸ»ğŸ¤²ğŸ»ğŸ¤²ğŸ»ğŸ¤²ğŸ»ğŸ¤²ğŸ»ğŸ¤²ğŸ»ğŸ¤²ğŸ»ğŸ¤²ğŸ»ğŸ¤²ğŸ»ğŸ¤²ğŸ»ğŸ¤²ğŸ»ğŸ¤²ğŸ»ğŸ¤²ğŸ»ğŸ¤²ğŸ»ğŸ¤²ğŸ»ğŸ˜ğŸ˜ğŸ˜ğŸ˜ğŸ˜ğŸ˜ğŸ˜ğŸ˜ğŸ˜ğŸ˜ğŸ˜ğŸ˜ğŸ˜ğŸ˜ğŸ˜ğŸ˜ğŸ˜ğŸ˜ğŸ˜ğŸ”¥ğŸ”¥ğŸ”¥ğŸ”¥ğŸ”¥ğŸ”¥ğŸ”¥ğŸ”¥ğŸ”¥ğŸ”¥ğŸ”¥ğŸ”¥ğŸ”¥ğŸ”¥ğŸ”¥ğŸ”¥ğŸ”¥ğŸ”¥ğŸ”¥ğŸ”¥ğŸ¤²ğŸ»ğŸ¤²ğŸ»ğŸ¤²ğŸ»ğŸ¤²ğŸ»ğŸ¤²ğŸ»ğŸ¤²ğŸ»ğŸ¤²ğŸ»ğŸ¤²ğŸ»ğŸ¤²ğŸ»ğŸ¤²ğŸ»ğŸ¤²ğŸ»ğŸ¤²ğŸ»ğŸ¤²ğŸ»ğŸ¤²ğŸ»ğŸ¤²ğŸ»ğŸ¤²ğŸ»ğŸ¤²ğŸ»ğŸ¤²ğŸ»ğŸ¤²ğŸ»ğŸ¤²ğŸ»ğŸ¤²ğŸ»ğŸ¤²ğŸ»ğŸ¤²ğŸ»ğŸ˜ğŸ˜ğŸ˜ğŸ˜ğŸ˜ğŸ˜ğŸ˜ğŸ˜ğŸ˜ğŸ˜ğŸ˜ğŸ˜ğŸ˜ğŸ˜ğŸ˜ğŸ˜ğŸ˜ğŸ˜ğŸ˜ğŸ”¥ğŸ”¥ğŸ”¥ğŸ”¥ğŸ”¥ğŸ”¥ğŸ”¥ğŸ”¥ğŸ”¥ğŸ”¥ğŸ”¥ğŸ”¥ğŸ”¥ğŸ”¥ğŸ”¥ğŸ”¥ğŸ”¥ğŸ”¥ğŸ”¥ğŸ”¥ğŸ¤²ğŸ»ğŸ¤²ğŸ»ğŸ¤²ğŸ»ğŸ¤²ğŸ»ğŸ¤²ğŸ»ğŸ¤²ğŸ»ğŸ¤²ğŸ»ğŸ¤²ğŸ»ğŸ¤²ğŸ»ğŸ¤²ğŸ»ğŸ¤²ğŸ»ğŸ¤²ğŸ»ğŸ¤²ğŸ»ğŸ¤²ğŸ»ğŸ¤²ğŸ»ğŸ¤²ğŸ»ğŸ¤²ğŸ»ğŸ¤²ğŸ»ğŸ¤²ğŸ»ğŸ¤²ğŸ»ğŸ¤²ğŸ»ğŸ¤²ğŸ»ğŸ¤²ğŸ»ğŸ˜ğŸ˜ğŸ˜ğŸ˜ğŸ˜ğŸ˜ğŸ˜ğŸ˜ğŸ˜ğŸ˜ğŸ˜ğŸ˜ğŸ˜ğŸ˜ğŸ˜ğŸ˜ğŸ˜ğŸ˜ğŸ˜ğŸ”¥ğŸ”¥ğŸ”¥ğŸ”¥ğŸ”¥ğŸ”¥ğŸ”¥ğŸ”¥ğŸ”¥ğŸ”¥ğŸ”¥ğŸ”¥ğŸ”¥ğŸ”¥ğŸ”¥ğŸ”¥ğŸ”¥ğŸ”¥
@xorazm.uz2022,@guli.16660 @miss_yuristka_2022 @qonun.uz15
@lobar.13333,"@atirgul.2022
@barbie.19999
@gul696969
@model.qiz.0004
@munchoq.211"
@jamil.a2163,@bibi.sora374 @boti.rova7171 @kamo.la2412 @shokirovamadina65 @sarv_inoz570 @moviykoz1234 @feruza20_25 @far.rux235 @b_gulchiroy @odin_a26Omadâ¤ï¸â¤ï¸â¤ï¸â¤ï¸â¤ï¸ğŸ˜â¤ï¸ğŸ˜â¤ï¸ğŸ˜â¤ï¸ğŸ˜â¤ï¸ğŸ˜ğŸ˜â¤ï¸ğŸ˜â¤ï¸ğŸ˜â¤ï¸ğŸ˜â¤ï¸ğŸ˜â¤ï¸ğŸ˜â¤ï¸ğŸ˜ğŸ˜â¤ï¸ğŸ˜â¤ï¸Omadâ¤ï¸â¤ï¸â¤ï¸â¤ï¸â¤ï¸ğŸ˜â¤ï¸ğŸ˜â¤ï¸ğŸ˜â¤ï¸ğŸ˜â¤ï¸ğŸ˜ğŸ˜â¤ï¸ğŸ˜â¤ï¸ğŸ˜â¤ï¸ğŸ˜â¤ï¸ğŸ˜â¤ï¸ğŸ˜â¤ï¸ğŸ˜ğŸ˜â¤ï¸ğŸ˜â¤ï¸Omadâ¤ï¸â¤ï¸â¤ï¸â¤ï¸â¤ï¸ğŸ˜â¤ï¸ğŸ˜â¤ï¸ğŸ˜â¤ï¸ğŸ˜â¤ï¸ğŸ˜ğŸ˜â¤ï¸ğŸ˜â¤ï¸ğŸ˜â¤ï¸ğŸ˜â¤ï¸ğŸ˜â¤ï¸ğŸ˜â¤ï¸ğŸ˜ğŸ˜â¤ï¸ğŸ˜â¤ï¸Omadâ¤ï¸â¤ï¸â¤ï¸â¤ï¸â¤ï¸ğŸ˜â¤ï¸ğŸ˜â¤ï¸ğŸ˜â¤ï¸ğŸ˜â¤ï¸ğŸ˜ğŸ˜â¤ï¸ğŸ˜â¤ï¸ğŸ˜â¤ï¸ğŸ˜â¤ï¸ğŸ˜â¤ï¸ğŸ˜â¤ï¸ğŸ˜ğŸ˜â¤ï¸ğŸ˜â¤ï¸
@elbekxbxnd,@malikadilmurodova @dilmurodovelbek @d_1_l_m_u_r_o_d_o_v @malikadilmurodova @malikaakakn @mali.kad13 @drujbek @mallikaaa13 @mali.kad13 @dilmurodov255ğŸ˜ğŸ˜ğŸ˜ğŸ˜ğŸ˜ğŸ˜ğŸ˜ğŸ˜ğŸ˜ğŸ˜ğŸ˜ğŸ˜ğŸ˜ğŸ˜ğŸ˜ğŸ˜ğŸ˜ğŸ˜ğŸ˜ğŸ”¥ğŸ”¥ğŸ”¥ğŸ”¥ğŸ”¥ğŸ”¥ğŸ”¥ğŸ”¥ğŸ”¥ğŸ”¥ğŸ”¥ğŸ”¥ğŸ”¥ğŸ”¥ğŸ”¥ğŸ”¥ğŸ”¥ğŸ”¥ğŸ”¥ğŸ”¥ğŸ¤²ğŸ»ğŸ¤²ğŸ»ğŸ¤²ğŸ»ğŸ¤²ğŸ»ğŸ¤²ğŸ»ğŸ¤²ğŸ»ğŸ¤²ğŸ»ğŸ¤²ğŸ»ğŸ¤²ğŸ»ğŸ¤²ğŸ»ğŸ¤²ğŸ»ğŸ¤²ğŸ»ğŸ¤²ğŸ»ğŸ¤²ğŸ»ğŸ¤²ğŸ»ğŸ¤²ğŸ»ğŸ¤²ğŸ»ğŸ¤²ğŸ»ğŸ¤²ğŸ»ğŸ¤²ğŸ»ğŸ¤²ğŸ»ğŸ¤²ğŸ»ğŸ¤²ğŸ»ğŸ˜ğŸ˜ğŸ˜ğŸ˜ğŸ˜ğŸ˜ğŸ˜ğŸ˜ğŸ˜ğŸ˜ğŸ˜ğŸ˜ğŸ˜ğŸ˜ğŸ˜ğŸ˜ğŸ˜ğŸ˜ğŸ˜ğŸ”¥ğŸ”¥ğŸ”¥ğŸ”¥ğŸ”¥ğŸ”¥ğŸ”¥ğŸ”¥ğŸ”¥ğŸ”¥ğŸ”¥ğŸ”¥ğŸ”¥ğŸ”¥ğŸ”¥ğŸ”¥ğŸ”¥ğŸ”¥ğŸ”¥ğŸ”¥ğŸ¤²ğŸ»ğŸ¤²ğŸ»ğŸ¤²ğŸ»ğŸ¤²ğŸ»ğŸ¤²ğŸ»ğŸ¤²ğŸ»ğŸ¤²ğŸ»ğŸ¤²ğŸ»ğŸ¤²ğŸ»ğŸ¤²ğŸ»ğŸ¤²ğŸ»ğŸ¤²ğŸ»ğŸ¤²ğŸ»ğŸ¤²ğŸ»ğŸ¤²ğŸ»ğŸ¤²ğŸ»ğŸ¤²ğŸ»ğŸ¤²ğŸ»ğŸ¤²ğŸ»ğŸ¤²ğŸ»ğŸ¤²ğŸ»ğŸ¤²ğŸ»ğŸ¤²ğŸ»ğŸ˜ğŸ˜ğŸ˜ğŸ˜ğŸ˜ğŸ˜ğŸ˜ğŸ˜ğŸ˜ğŸ˜ğŸ˜ğŸ˜ğŸ˜ğŸ˜ğŸ˜ğŸ˜ğŸ˜ğŸ˜ğŸ˜ğŸ”¥ğŸ”¥ğŸ”¥ğŸ”¥ğŸ”¥ğŸ”¥ğŸ”¥ğŸ”¥ğŸ”¥ğŸ”¥ğŸ”¥ğŸ”¥ğŸ”¥ğŸ”¥ğŸ”¥ğŸ”¥ğŸ”¥ğŸ”¥ğŸ”¥ğŸ”¥ğŸ¤²ğŸ»ğŸ¤²ğŸ»ğŸ¤²ğŸ»ğŸ¤²ğŸ»ğŸ¤²ğŸ»ğŸ¤²ğŸ»ğŸ¤²ğŸ»ğŸ¤²ğŸ»ğŸ¤²ğŸ»ğŸ¤²ğŸ»ğŸ¤²ğŸ»ğŸ¤²ğŸ»ğŸ¤²ğŸ»ğŸ¤²ğŸ»ğŸ¤²ğŸ»ğŸ¤²ğŸ»ğŸ¤²ğŸ»ğŸ¤²ğŸ»ğŸ¤²ğŸ»ğŸ¤²ğŸ»ğŸ¤²ğŸ»ğŸ¤²ğŸ»ğŸ¤²ğŸ»ğŸ˜ğŸ˜ğŸ˜ğŸ˜ğŸ˜ğŸ˜ğŸ˜ğŸ˜ğŸ˜ğŸ˜ğŸ˜ğŸ˜ğŸ˜ğŸ˜ğŸ˜ğŸ˜ğŸ˜ğŸ˜ğŸ˜ğŸ”¥ğŸ”¥ğŸ”¥ğŸ”¥ğŸ”¥ğŸ”¥ğŸ”¥ğŸ”¥ğŸ”¥ğŸ”¥ğŸ”¥ğŸ”¥ğŸ”¥ğŸ”¥ğŸ”¥ğŸ”¥ğŸ”¥ğŸ”¥ğŸ”¥ğŸ”¥ğŸ¤²ğŸ»ğŸ¤²ğŸ»ğŸ¤²ğŸ»ğŸ¤²ğŸ»ğŸ¤²ğŸ»ğŸ¤²ğŸ»ğŸ¤²ğŸ»ğŸ¤²ğŸ»ğŸ¤²ğŸ»ğŸ¤²ğŸ»ğŸ¤²ğŸ»ğŸ¤²ğŸ»ğŸ¤²ğŸ»ğŸ¤²ğŸ»ğŸ¤²ğŸ»ğŸ¤²ğŸ»ğŸ¤²ğŸ»ğŸ¤²ğŸ»ğŸ¤²ğŸ»ğŸ¤²ğŸ»ğŸ¤²ğŸ»ğŸ¤²ğŸ»ğŸ¤²ğŸ»ğŸ˜ğŸ˜ğŸ˜ğŸ˜ğŸ˜ğŸ˜ğŸ˜ğŸ˜ğŸ˜ğŸ˜ğŸ˜ğŸ˜ğŸ˜ğŸ˜ğŸ˜ğŸ˜ğŸ˜ğŸ˜ğŸ˜ğŸ”¥ğŸ”¥ğŸ”¥ğŸ”¥ğŸ”¥ğŸ”¥ğŸ”¥ğŸ”¥ğŸ”¥ğŸ”¥ğŸ”¥ğŸ”¥ğŸ”¥ğŸ”¥ğŸ”¥ğŸ”¥ğŸ”¥ğŸ”¥ğŸ”¥ğŸ”¥ğŸ¤²ğŸ»ğŸ¤²ğŸ»ğŸ¤²ğŸ»ğŸ¤²ğŸ»ğŸ¤²ğŸ»ğŸ¤²ğŸ»ğŸ¤²ğŸ»ğŸ¤²ğŸ»ğŸ¤²ğŸ»ğŸ¤²ğŸ»ğŸ¤²ğŸ»ğŸ¤²ğŸ»ğŸ¤²ğŸ»ğŸ¤²ğŸ»ğŸ¤²ğŸ»ğŸ¤²ğŸ»ğŸ¤²ğŸ»ğŸ¤²ğŸ»ğŸ¤²ğŸ»ğŸ¤²ğŸ»ğŸ¤²ğŸ»ğŸ¤²ğŸ»ğŸ¤²ğŸ»ğŸ˜ğŸ˜ğŸ˜ğŸ˜ğŸ˜ğŸ˜ğŸ˜ğŸ˜ğŸ˜ğŸ˜ğŸ˜ğŸ˜ğŸ˜ğŸ˜ğŸ˜ğŸ˜ğŸ˜ğŸ˜ğŸ˜ğŸ”¥ğŸ”¥ğŸ”¥ğŸ”¥ğŸ”¥ğŸ”¥ğŸ”¥ğŸ”¥ğŸ”¥ğŸ”¥ğŸ”¥ğŸ”¥ğŸ”¥ğŸ”¥ğŸ”¥ğŸ”¥ğŸ”¥ğŸ”¥ğŸ”¥ğŸ”¥ğŸ¤²ğŸ»ğŸ¤²ğŸ»ğŸ¤²ğŸ»ğŸ¤²ğŸ»ğŸ¤²ğŸ»ğŸ¤²ğŸ»ğŸ¤²ğŸ»ğŸ¤²ğŸ»ğŸ¤²ğŸ»ğŸ¤²ğŸ»ğŸ¤²ğŸ»ğŸ¤²ğŸ»ğŸ¤²ğŸ»ğŸ¤²ğŸ»ğŸ¤²ğŸ»ğŸ¤²ğŸ»ğŸ¤²ğŸ»ğŸ¤²ğŸ»ğŸ¤²ğŸ»ğŸ¤²ğŸ»ğŸ¤²ğŸ»ğŸ¤²ğŸ»ğŸ¤²ğŸ»ğŸ˜ğŸ˜ğŸ˜ğŸ˜ğŸ˜ğŸ˜ğŸ˜ğŸ˜ğŸ˜ğŸ˜ğŸ˜ğŸ˜ğŸ˜ğŸ˜ğŸ˜ğŸ˜ğŸ˜ğŸ˜ğŸ˜ğŸ”¥ğŸ”¥ğŸ”¥ğŸ”¥ğŸ”¥ğŸ”¥ğŸ”¥ğŸ”¥ğŸ”¥ğŸ”¥ğŸ”¥ğŸ”¥ğŸ”¥ğŸ”¥ğŸ”¥ğŸ”¥ğŸ”¥ğŸ”¥ğŸ”¥ğŸ”¥ğŸ¤²ğŸ»ğŸ¤²ğŸ»ğŸ¤²ğŸ»ğŸ¤²ğŸ»ğŸ¤²ğŸ»ğŸ¤²ğŸ»ğŸ¤²ğŸ»ğŸ¤²ğŸ»ğŸ¤²ğŸ»ğŸ¤²ğŸ»ğŸ¤²ğŸ»ğŸ¤²ğŸ»ğŸ¤²ğŸ»ğŸ¤²ğŸ»ğŸ¤²ğŸ»ğŸ¤²ğŸ»ğŸ¤²ğŸ»ğŸ¤²ğŸ»ğŸ¤²ğŸ»ğŸ¤²ğŸ»ğŸ¤²ğŸ»ğŸ¤²ğŸ»ğŸ¤²ğŸ»ğŸ˜ğŸ˜ğŸ˜ğŸ˜ğŸ˜ğŸ˜ğŸ˜ğŸ˜ğŸ˜ğŸ˜ğŸ˜ğŸ˜ğŸ˜ğŸ˜ğŸ˜ğŸ˜ğŸ˜ğŸ˜ğŸ˜ğŸ”¥ğŸ”¥ğŸ”¥ğŸ”¥ğŸ”¥ğŸ”¥ğŸ”¥ğŸ”¥ğŸ”¥ğŸ”¥ğŸ”¥ğŸ”¥ğŸ”¥ğŸ”¥ğŸ”¥ğŸ”¥ğŸ”¥ğŸ”¥ğŸ”¥ğŸ”¥ğŸ¤²ğŸ»ğŸ¤²ğŸ»ğŸ¤²ğŸ»ğŸ¤²ğŸ»ğŸ¤²ğŸ»ğŸ¤²ğŸ»ğŸ¤²ğŸ»ğŸ¤²ğŸ»ğŸ¤²ğŸ»ğŸ¤²ğŸ»ğŸ¤²ğŸ»ğŸ¤²ğŸ»ğŸ¤²ğŸ»ğŸ¤²ğŸ»ğŸ¤²ğŸ»ğŸ¤²ğŸ»ğŸ¤²ğŸ»ğŸ¤²ğŸ»ğŸ¤²ğŸ»ğŸ¤²ğŸ»ğŸ¤²ğŸ»ğŸ¤²ğŸ»ğŸ¤²ğŸ»ğŸ˜ğŸ˜ğŸ˜ğŸ˜ğŸ˜ğŸ˜ğŸ˜ğŸ˜ğŸ˜ğŸ˜ğŸ˜ğŸ˜ğŸ˜ğŸ˜ğŸ˜ğŸ˜ğŸ˜ğŸ˜ğŸ˜ğŸ”¥ğŸ”¥ğŸ”¥ğŸ”¥ğŸ”¥ğŸ”¥ğŸ”¥ğŸ”¥ğŸ”¥ğŸ”¥ğŸ”¥ğŸ”¥ğŸ”¥ğŸ”¥ğŸ”¥ğŸ”¥ğŸ”¥ğŸ”¥ğŸ”¥ğŸ”¥ğŸ¤²ğŸ»ğŸ¤²ğŸ»ğŸ¤²ğŸ»ğŸ¤²ğŸ»ğŸ¤²ğŸ»ğŸ¤²ğŸ»ğŸ¤²ğŸ»ğŸ¤²ğŸ»ğŸ¤²ğŸ»ğŸ¤²ğŸ»ğŸ¤²ğŸ»ğŸ¤²ğŸ»ğŸ¤²ğŸ»ğŸ¤²ğŸ»ğŸ¤²ğŸ»ğŸ¤²ğŸ»ğŸ¤²ğŸ»ğŸ¤²ğŸ»ğŸ¤²ğŸ»ğŸ¤²ğŸ»ğŸ¤²ğŸ»ğŸ¤²ğŸ»ğŸ¤²ğŸ»ğŸ˜ğŸ˜ğŸ˜ğŸ˜ğŸ˜ğŸ˜ğŸ˜ğŸ˜ğŸ˜ğŸ˜ğŸ˜ğŸ˜ğŸ˜ğŸ˜ğŸ˜ğŸ˜ğŸ˜ğŸ˜ğŸ˜ğŸ”¥ğŸ”¥ğŸ”¥ğŸ”¥ğŸ”¥ğŸ”¥ğŸ”¥ğŸ”¥ğŸ”¥ğŸ”¥ğŸ”¥ğŸ”¥ğŸ”¥ğŸ”¥ğŸ”¥ğŸ”¥ğŸ”¥ğŸ”¥ğŸ”¥ğŸ”¥ğŸ¤²ğŸ»ğŸ¤²ğŸ»ğŸ¤²ğŸ»ğŸ¤²ğŸ»ğŸ¤²ğŸ»ğŸ¤²ğŸ»ğŸ¤²ğŸ»ğŸ¤²ğŸ»ğŸ¤²ğŸ»ğŸ¤²ğŸ»ğŸ¤²ğŸ»ğŸ¤²ğŸ»ğŸ¤²ğŸ»ğŸ¤²ğŸ»ğŸ¤²ğŸ»ğŸ¤²ğŸ»ğŸ¤²ğŸ»ğŸ¤²ğŸ»ğŸ¤²ğŸ»ğŸ¤²ğŸ»ğŸ¤²ğŸ»ğŸ¤²ğŸ»ğŸ¤²ğŸ»ğŸ˜ğŸ˜ğŸ˜ğŸ˜ğŸ˜ğŸ˜ğŸ˜ğŸ˜ğŸ˜ğŸ˜ğŸ˜ğŸ˜ğŸ˜ğŸ˜ğŸ˜ğŸ˜ğŸ˜ğŸ˜ğŸ˜ğŸ”¥ğŸ”¥ğŸ”¥ğŸ”¥ğŸ”¥ğŸ”¥ğŸ”¥ğŸ”¥ğŸ”¥ğŸ”¥ğŸ”¥ğŸ”¥ğŸ”¥ğŸ”¥ğŸ”¥ğŸ”¥ğŸ”¥ğŸ”¥ğŸ”¥ğŸ”¥ğŸ¤²ğŸ»ğŸ¤²ğŸ»ğŸ¤²ğŸ»ğŸ¤²ğŸ»ğŸ¤²ğŸ»ğŸ¤²ğŸ»ğŸ¤²ğŸ»ğŸ¤²ğŸ»ğŸ¤²ğŸ»ğŸ¤²ğŸ»ğŸ¤²ğŸ»ğŸ¤²ğŸ»ğŸ¤²ğŸ»ğŸ¤²ğŸ»ğŸ¤²ğŸ»ğŸ¤²ğŸ»ğŸ¤²ğŸ»ğŸ¤²ğŸ»ğŸ¤²ğŸ»ğŸ¤²ğŸ»ğŸ¤²ğŸ»ğŸ¤²ğŸ»ğŸ¤²ğŸ»ğŸ˜ğŸ˜ğŸ˜ğŸ˜ğŸ˜ğŸ˜ğŸ˜ğŸ˜ğŸ˜ğŸ˜ğŸ˜ğŸ˜ğŸ˜ğŸ˜ğŸ˜ğŸ˜ğŸ˜ğŸ˜ğŸ˜ğŸ”¥ğŸ”¥ğŸ”¥ğŸ”¥ğŸ”¥ğŸ”¥ğŸ”¥ğŸ”¥ğŸ”¥ğŸ”¥ğŸ”¥ğŸ”¥ğŸ”¥ğŸ”¥ğŸ”¥ğŸ”¥ğŸ”¥ğŸ”¥ğŸ”¥ğŸ”¥ğŸ¤²ğŸ»ğŸ¤²ğŸ»ğŸ¤²ğŸ»ğŸ¤²ğŸ»ğŸ¤²ğŸ»ğŸ¤²ğŸ»ğŸ¤²ğŸ»ğŸ¤²ğŸ»ğŸ¤²ğŸ»ğŸ¤²ğŸ»ğŸ¤²ğŸ»ğŸ¤²ğŸ»ğŸ¤²ğŸ»ğŸ¤²ğŸ»ğŸ¤²ğŸ»ğŸ¤²ğŸ»ğŸ¤²ğŸ»ğŸ¤²ğŸ»ğŸ¤²ğŸ»ğŸ¤²ğŸ»ğŸ¤²ğŸ»ğŸ¤²ğŸ»ğŸ¤²ğŸ»ğŸ˜ğŸ˜ğŸ˜ğŸ˜ğŸ˜
@xasanovayulduz79,@omadlimanda01 @miss.madina55 @munis.a284 @far.rux235 @sarv_inoz570 @zebo.239 @begu.bor2025 @ezoza_290 @ozoda_2482 @kari_ma2164 @yasmina33338Omadâ¤ï¸â¤ï¸â¤ï¸â¤ï¸â¤ï¸ğŸ˜â¤ï¸ğŸ˜â¤ï¸ğŸ˜â¤ï¸ğŸ˜â¤ï¸ğŸ˜ğŸ˜â¤ï¸ğŸ˜â¤ï¸ğŸ˜â¤ï¸ğŸ˜â¤ï¸ğŸ˜â¤ï¸ğŸ˜â¤ï¸ğŸ˜ğŸ˜â¤ï¸ğŸ˜â¤ï¸Omadâ¤ï¸â¤ï¸â¤ï¸â¤ï¸â¤ï¸ğŸ˜â¤ï¸ğŸ˜â¤ï¸ğŸ˜â¤ï¸ğŸ˜â¤ï¸ğŸ˜ğŸ˜â¤ï¸ğŸ˜â¤ï¸ğŸ˜â¤ï¸ğŸ˜â¤ï¸ğŸ˜â¤ï¸ğŸ˜â¤ï¸ğŸ˜ğŸ˜â¤ï¸ğŸ˜â¤ï¸Omadâ¤ï¸â¤ï¸â¤ï¸â¤ï¸â¤ï¸ğŸ˜â¤ï¸ğŸ˜â¤ï¸ğŸ˜â¤ï¸ğŸ˜â¤ï¸ğŸ˜ğŸ˜â¤ï¸ğŸ˜â¤ï¸ğŸ˜â¤ï¸ğŸ˜â¤ï¸ğŸ˜â¤ï¸ğŸ˜â¤ï¸ğŸ˜ğŸ˜â¤ï¸ğŸ˜â¤ï¸Omadâ¤ï¸â¤ï¸â¤ï¸â¤ï¸â¤ï¸ğŸ˜â¤ï¸ğŸ˜â¤ï¸ğŸ˜â¤ï¸ğŸ˜â¤ï¸ğŸ˜ğŸ˜â¤ï¸ğŸ˜â¤ï¸ğŸ˜â¤ï¸ğŸ˜â¤ï¸ğŸ˜â¤ï¸ğŸ˜â¤ï¸ğŸ˜ğŸ˜â¤ï¸ğŸ˜â¤ï¸Omadâ¤ï¸â¤ï¸â¤ï¸â¤ï¸â¤ï¸ğŸ˜â¤ï¸ğŸ˜â¤ï¸ğŸ˜â¤ï¸ğŸ˜â¤ï¸ğŸ˜ğŸ˜â¤ï¸ğŸ˜â¤ï¸ğŸ˜â¤ï¸ğŸ˜â¤ï¸ğŸ˜â¤ï¸ğŸ˜â¤ï¸ğŸ˜ğŸ˜â¤ï¸ğŸ˜â¤ï¸Omadâ¤ï¸â¤ï¸â¤ï¸â¤ï¸â¤ï¸ğŸ˜â¤ï¸ğŸ˜â¤ï¸ğŸ˜â¤ï¸ğŸ˜â¤ï¸ğŸ˜ğŸ˜â¤ï¸ğŸ˜â¤ï¸ğŸ˜â¤ï¸ğŸ˜â¤ï¸ğŸ˜â¤ï¸ğŸ˜â¤ï¸ğŸ˜ğŸ˜â¤ï¸ğŸ˜â¤ï¸Omadâ¤ï¸â¤ï¸â¤ï¸â¤ï¸â¤ï¸ğŸ˜â¤ï¸ğŸ˜â¤ï¸ğŸ˜â¤ï¸ğŸ˜â¤ï¸ğŸ˜ğŸ˜â¤ï¸ğŸ˜â¤ï¸ğŸ˜â¤ï¸ğŸ˜â¤ï¸ğŸ˜â¤ï¸ğŸ˜â¤ï¸ğŸ˜ğŸ˜â¤ï¸ğŸ˜â¤ï¸
@olimzoda_88888,@gulijon_3334 @yulya_727 @moxiya202 @marufbek_7777777 @olimzoda_88888 @sanobar_7400 @gulijon_3334 @yulya_727 @moxiya202 @marufbek_7777777 @olimzoda_88888 @sanobar_7400 @gulijon_3334 @yulya_727 @moxiya202
@guli.16660,"@atirgul.2022
@barbie.19999
@gul696969
@model.qiz.0004
@munchoq.211"
@xojaqulovaoydin7,@marufbek_7777777 @olimzoda_88888 @sanobar_7400 @gulijon_3334 @yulya_727 @moxiya202 â¤ï¸â¤ï¸â¤ï¸ğŸ”¥ğŸ”¥ğŸ”¥ omad â¤ï¸â¤ï¸â¤ï¸â¤ï¸ğŸ”¥ğŸ”¥ğŸ”¥ omad ğŸ”¥ğŸ”¥ğŸ”¥ğŸ”¥ğŸ”¥â¤ï¸ omad â¤ï¸â¤ï¸â¤ï¸â¤ï¸â¤ï¸â¤ï¸ğŸ”¥ğŸ”¥ğŸ”¥ğŸ”¥â¤ï¸â¤ï¸â¤ï¸ğŸ”¥ğŸ”¥ğŸ”¥ omad â¤ï¸â¤ï¸â¤ï¸â¤ï¸ğŸ”¥ğŸ”¥ğŸ”¥ omad ğŸ”¥ğŸ”¥ğŸ”¥ğŸ”¥ğŸ”¥â¤ï¸ omad â¤ï¸â¤ï¸â¤ï¸â¤ï¸â¤ï¸â¤ï¸ğŸ”¥ğŸ”¥ğŸ”¥ğŸ”¥â¤ï¸â¤ï¸â¤ï¸ğŸ”¥ğŸ”¥ğŸ”¥ omad â¤ï¸â¤ï¸â¤ï¸â¤ï¸ğŸ”¥ğŸ”¥ğŸ”¥ omad ğŸ”¥ğŸ”¥ğŸ”¥ğŸ”¥ğŸ”¥â¤ï¸ omad â¤ï¸â¤ï¸â¤ï¸â¤ï¸â¤ï¸â¤ï¸ğŸ”¥ğŸ”¥ğŸ”¥ğŸ”¥â¤ï¸â¤ï¸â¤ï¸ğŸ”¥ğŸ”¥ğŸ”¥ omad â¤ï¸â¤ï¸â¤ï¸â¤ï¸ğŸ”¥ğŸ”¥ğŸ”¥ omad ğŸ”¥ğŸ”¥ğŸ”¥ğŸ”¥ğŸ”¥â¤ï¸ omad â¤ï¸â¤ï¸â¤ï¸â¤ï¸â¤ï¸â¤ï¸ğŸ”¥ğŸ”¥ğŸ”¥ğŸ”¥â¤ï¸â¤ï¸â¤ï¸ğŸ”¥ğŸ”¥ğŸ”¥ omad â¤ï¸â¤ï¸â¤ï¸â¤ï¸ğŸ”¥ğŸ”¥ğŸ”¥ omad ğŸ”¥ğŸ”¥ğŸ”¥ğŸ”¥ğŸ”¥â¤ï¸ omad â¤ï¸â¤ï¸â¤ï¸â¤ï¸â¤ï¸â¤ï¸ğŸ”¥ğŸ”¥ğŸ”¥ğŸ”¥â¤ï¸â¤ï¸â¤ï¸ğŸ”¥ğŸ”¥ğŸ”¥ omad â¤ï¸â¤ï¸â¤ï¸â¤ï¸ğŸ”¥ğŸ”¥ğŸ”¥ omad ğŸ”¥ğŸ”¥ğŸ”¥ğŸ”¥ğŸ”¥â¤ï¸ omad â¤ï¸â¤ï¸â¤ï¸â¤ï¸â¤ï¸â¤ï¸ğŸ”¥ğŸ”¥ğŸ”¥ğŸ”¥â¤ï¸â¤ï¸â¤ï¸ğŸ”¥ğŸ”¥ğŸ”¥ omad â¤ï¸â¤ï¸â¤ï¸â¤ï¸ğŸ”¥ğŸ”¥ğŸ”¥ omad ğŸ”¥ğŸ”¥ğŸ”¥ğŸ”¥ğŸ”¥â¤ï¸ omad â¤ï¸â¤ï¸â¤ï¸â¤ï¸â¤ï¸â¤ï¸ğŸ”¥ğŸ”¥ğŸ”¥ğŸ”¥â¤ï¸â¤ï¸â¤ï¸ğŸ”¥ğŸ”¥ğŸ”¥ omad â¤ï¸â¤ï¸â¤ï¸â¤ï¸ğŸ”¥ğŸ”¥ğŸ”¥ omad ğŸ”¥ğŸ”¥ğŸ”¥ğŸ”¥ğŸ”¥â¤ï¸ omad â¤ï¸â¤ï¸â¤ï¸â¤ï¸â¤ï¸â¤ï¸ğŸ”¥ğŸ”¥ğŸ”¥ğŸ”¥â¤ï¸â¤ï¸â¤ï¸ğŸ”¥ğŸ”¥ğŸ”¥ omad â¤ï¸â¤ï¸â¤ï¸â¤ï¸ğŸ”¥ğŸ”¥ğŸ”¥ omad ğŸ”¥ğŸ”¥ğŸ”¥ğŸ”¥ğŸ”¥â¤ï¸ omad â¤ï¸â¤ï¸â¤ï¸â¤ï¸â¤ï¸â¤ï¸ğŸ”¥ğŸ”¥ğŸ”¥ğŸ”¥â¤ï¸â¤ï¸â¤ï¸ğŸ”¥ğŸ”¥ğŸ”¥ omad â¤ï¸â¤ï¸â¤ï¸â¤ï¸ğŸ”¥ğŸ”¥ğŸ”¥ omad ğŸ”¥ğŸ”¥ğŸ”¥ğŸ”¥ğŸ”¥â¤ï¸ omad â¤ï¸â¤ï¸â¤ï¸â¤ï¸â¤ï¸â¤ï¸ğŸ”¥ğŸ”¥ğŸ”¥ğŸ”¥â¤ï¸â¤ï¸â¤ï¸ğŸ”¥ğŸ”¥ğŸ”¥ omad â¤ï¸â¤ï¸â¤ï¸â¤ï¸ğŸ”¥ğŸ”¥ğŸ”¥ omad ğŸ”¥ğŸ”¥ğŸ”¥ğŸ”¥ğŸ”¥â¤ï¸ omad â¤ï¸â¤ï¸â¤ï¸â¤ï¸â¤ï¸â¤ï¸ğŸ”¥ğŸ”¥ğŸ”¥ğŸ”¥â¤ï¸â¤ï¸â¤ï¸ğŸ”¥ğŸ”¥ğŸ”¥ omad â¤ï¸â¤ï¸â¤ï¸â¤ï¸ğŸ”¥ğŸ”¥ğŸ”¥ omad ğŸ”¥ğŸ”¥ğŸ”¥ğŸ”¥ğŸ”¥â¤ï¸ omad â¤ï¸â¤ï¸â¤ï¸â¤ï¸â¤ï¸â¤ï¸ğŸ”¥ğŸ”¥ğŸ”¥ğŸ”¥â¤ï¸â¤ï¸â¤ï¸ğŸ”¥ğŸ”¥ğŸ”¥ omad â¤ï¸â¤ï¸â¤ï¸â¤ï¸ğŸ”¥ğŸ”¥ğŸ”¥ omad ğŸ”¥ğŸ”¥ğŸ”¥ğŸ”¥ğŸ”¥â¤ï¸ omad â¤ï¸â¤ï¸â¤ï¸â¤ï¸â¤ï¸â¤ï¸ğŸ”¥ğŸ”¥ğŸ”¥ğŸ”¥â¤ï¸â¤ï¸â¤ï¸ğŸ”¥ğŸ”¥ğŸ”¥ omad â¤ï¸â¤ï¸â¤ï¸â¤ï¸ğŸ”¥ğŸ”¥ğŸ”¥ omad ğŸ”¥ğŸ”¥ğŸ”¥ğŸ”¥ğŸ”¥â¤ï¸ omad â¤ï¸â¤ï¸â¤ï¸â¤ï¸â¤ï¸â¤ï¸ğŸ”¥ğŸ”¥ğŸ”¥ğŸ”¥â¤ï¸â¤ï¸â¤ï¸ğŸ”¥ğŸ”¥ğŸ”¥ omad â¤ï¸â¤ï¸â¤ï¸â¤ï¸ğŸ”¥ğŸ”¥ğŸ”¥ omad ğŸ”¥ğŸ”¥ğŸ”¥ğŸ”¥ğŸ”¥â¤ï¸ omad â¤ï¸â¤ï¸â¤ï¸â¤ï¸â¤ï¸â¤ï¸ğŸ”¥ğŸ”¥ğŸ”¥ğŸ”¥â¤ï¸â¤ï¸â¤ï¸ğŸ”¥ğŸ”¥ğŸ”¥ omad â¤ï¸â¤ï¸â¤ï¸â¤ï¸ğŸ”¥ğŸ”¥ğŸ”¥ omad ğŸ”¥ğŸ”¥ğŸ”¥ğŸ”¥ğŸ”¥â¤ï¸ omad â¤ï¸â¤ï¸â¤ï¸â¤ï¸â¤ï¸â¤ï¸ğŸ”¥ğŸ”¥ğŸ”¥ğŸ”¥â¤ï¸â¤ï¸â¤ï¸ğŸ”¥ğŸ”¥ğŸ”¥ omad â¤ï¸â¤ï¸â¤ï¸â¤ï¸ğŸ”¥ğŸ”¥ğŸ”¥ omad ğŸ”¥ğŸ”¥ğŸ”¥ğŸ”¥ğŸ”¥â¤ï¸ omad â¤ï¸â¤ï¸â¤ï¸â¤ï¸â¤ï¸â¤ï¸ğŸ”¥ğŸ”¥ğŸ”¥ğŸ”¥â¤ï¸â¤ï¸â¤ï¸ğŸ”¥ğŸ”¥ğŸ”¥ omad â¤ï¸â¤ï¸â¤ï¸â¤ï¸ğŸ”¥ğŸ”¥ğŸ”¥ omad ğŸ”¥ğŸ”¥ğŸ”¥ğŸ”¥ğŸ”¥â¤ï¸ omad â¤ï¸â¤ï¸â¤ï¸â¤ï¸â¤ï¸â¤ï¸ğŸ”¥ğŸ”¥ğŸ”¥ğŸ”¥â¤ï¸â¤ï¸â¤ï¸ğŸ”¥ğŸ”¥ğŸ”¥ omad â¤ï¸â¤ï¸â¤ï¸â¤ï¸ğŸ”¥ğŸ”¥ğŸ”¥ omad ğŸ”¥ğŸ”¥ğŸ”¥ğŸ”¥ğŸ”¥â¤ï¸ omad â¤ï¸â¤ï¸â¤ï¸â¤ï¸â¤ï¸â¤ï¸ğŸ”¥ğŸ”¥ğŸ”¥ğŸ”¥â¤ï¸â¤ï¸â¤ï¸ğŸ”¥ğŸ”¥ğŸ”¥ omad â¤ï¸â¤ï¸â¤ï¸â¤ï¸ğŸ”¥ğŸ”¥ğŸ”¥ omad ğŸ”¥ğŸ”¥ğŸ”¥ğŸ”¥ğŸ”¥â¤ï¸ omad â¤ï¸â¤ï¸â¤ï¸â¤ï¸â¤ï¸â¤ï¸ğŸ”¥ğŸ”¥ğŸ”¥ğŸ”¥â¤ï¸â¤ï¸â¤ï¸ğŸ”¥ğŸ”¥ğŸ”¥ omad â¤ï¸â¤ï¸â¤ï¸â¤ï¸ğŸ”¥ğŸ”¥ğŸ”¥ omad ğŸ”¥ğŸ”¥ğŸ”¥ğŸ”¥ğŸ”¥â¤ï¸ omad â¤ï¸â¤ï¸â¤ï¸â¤ï¸â¤ï¸â¤ï¸ğŸ”¥ğŸ”¥ğŸ”¥ğŸ”¥â¤ï¸â¤ï¸â¤ï¸ğŸ”¥ğŸ”¥ğŸ”¥ omad â¤ï¸â¤ï¸â¤ï¸â¤ï¸ğŸ”¥ğŸ”¥ğŸ”¥ omad ğŸ”¥ğŸ”¥ğŸ”¥ğŸ”¥ğŸ”¥â¤ï¸ omad â¤ï¸â¤ï¸â¤ï¸â¤ï¸â¤ï¸â¤ï¸ğŸ”¥ğŸ”¥ğŸ”¥ğŸ”¥â¤ï¸â¤ï¸â¤ï¸ğŸ”¥ğŸ”¥ğŸ”¥ omad â¤ï¸â¤ï¸â¤ï¸â¤ï¸ğŸ”¥ğŸ”¥ğŸ”¥ omad ğŸ”¥ğŸ”¥ğŸ”¥ğŸ”¥ğŸ”¥â¤ï¸ omad â¤ï¸â¤ï¸â¤ï¸â¤ï¸â¤ï¸â¤ï¸ğŸ”¥ğŸ”¥ğŸ”¥ğŸ”¥â¤ï¸â¤ï¸â¤ï¸ğŸ”¥ğŸ”¥ğŸ”¥ omad â¤ï¸â¤ï¸â¤ï¸â¤ï¸ğŸ”¥ğŸ”¥ğŸ”¥ omad ğŸ”¥ğŸ”¥ğŸ”¥ğŸ”¥ğŸ”¥â¤ï¸ omad â¤ï¸â¤ï¸â¤ï¸â¤ï¸â¤ï¸â¤ï¸ğŸ”¥ğŸ”¥ğŸ”¥ğŸ”¥â¤ï¸â¤ï¸â¤ï¸ğŸ”¥ğŸ”¥ğŸ”¥ omad â¤ï¸â¤ï¸â¤ï¸â¤ï¸ğŸ”¥ğŸ”¥ğŸ”¥ omad ğŸ”¥ğŸ”¥ğŸ”¥ğŸ”¥ğŸ”¥â¤ï¸ omad â¤ï¸â¤ï¸â¤ï¸â¤ï¸â¤ï¸â¤ï¸ğŸ”¥ğŸ”¥ğŸ”¥ğŸ”¥â¤ï¸â¤ï¸â¤ï¸ğŸ”¥ğŸ”¥ğŸ”¥ omad â¤ï¸â¤ï¸â¤ï¸â¤ï¸ğŸ”¥ğŸ”¥ğŸ”¥ omad ğŸ”¥ğŸ”¥ğŸ”¥ğŸ”¥ğŸ”¥â¤ï¸ omad â¤ï¸â¤ï¸â¤ï¸â¤ï¸â¤ï¸â¤ï¸ğŸ”¥ğŸ”¥ğŸ”¥ğŸ”¥â¤ï¸â¤ï¸â¤ï¸ğŸ”¥ğŸ”¥ğŸ”¥ omad â¤ï¸â¤ï¸â¤ï¸â¤ï¸ğŸ”¥ğŸ”¥ğŸ”¥ omad ğŸ”¥ğŸ”¥ğŸ”¥ğŸ”¥ğŸ”¥â¤ï¸ omad â¤ï¸â¤ï¸â¤ï¸â¤ï¸â¤ï¸â¤ï¸ğŸ”¥ğŸ”¥ğŸ”¥ğŸ”¥â¤ï¸â¤ï¸â¤ï¸ğŸ”¥ğŸ”¥ğŸ”¥ omad â¤ï¸â¤ï¸â¤ï¸â¤ï¸ğŸ”¥ğŸ”¥ğŸ”¥ omad ğŸ”¥ğŸ”¥ğŸ”¥ğŸ”¥ğŸ”¥â¤ï¸ omad â¤ï¸â¤ï¸â¤ï¸â¤ï¸
@keble_ee,@malikadilmurodova @dilmurodovelbek @d_1_l_m_u_r_o_d_o_v @dilmurodov255 @dilmu_rodov5 @malikaakakn @mali.kad13 @de79909 @its_elka5 @mallikaaa13 @malicaaaaa5 @drujbek @malikadilmurodovağŸ˜ğŸ˜ğŸ˜ğŸ˜ğŸ˜ğŸ˜ğŸ˜ğŸ˜ğŸ˜ğŸ˜ğŸ˜ğŸ˜ğŸ˜ğŸ˜ğŸ˜ğŸ˜ğŸ˜ğŸ˜ğŸ˜ğŸ”¥ğŸ”¥ğŸ”¥ğŸ”¥ğŸ”¥ğŸ”¥ğŸ”¥ğŸ”¥ğŸ”¥ğŸ”¥ğŸ”¥ğŸ”¥ğŸ”¥ğŸ”¥ğŸ”¥ğŸ”¥ğŸ”¥ğŸ”¥ğŸ”¥ğŸ”¥ğŸ¤²ğŸ»ğŸ¤²ğŸ»ğŸ¤²ğŸ»ğŸ¤²ğŸ»ğŸ¤²ğŸ»ğŸ¤²ğŸ»ğŸ¤²ğŸ»ğŸ¤²ğŸ»ğŸ¤²ğŸ»ğŸ¤²ğŸ»ğŸ¤²ğŸ»ğŸ¤²ğŸ»ğŸ¤²ğŸ»ğŸ¤²ğŸ»ğŸ¤²ğŸ»ğŸ¤²ğŸ»ğŸ¤²ğŸ»ğŸ¤²ğŸ»ğŸ¤²ğŸ»ğŸ¤²ğŸ»ğŸ¤²ğŸ»ğŸ¤²ğŸ»ğŸ¤²ğŸ»ğŸ˜ğŸ˜ğŸ˜ğŸ˜ğŸ˜ğŸ˜ğŸ˜ğŸ˜ğŸ˜ğŸ˜ğŸ˜ğŸ˜ğŸ˜ğŸ˜ğŸ˜ğŸ˜ğŸ˜ğŸ˜ğŸ˜ğŸ”¥ğŸ”¥ğŸ”¥ğŸ”¥ğŸ”¥ğŸ”¥ğŸ”¥ğŸ”¥ğŸ”¥ğŸ”¥ğŸ”¥ğŸ”¥ğŸ”¥ğŸ”¥ğŸ”¥ğŸ”¥ğŸ”¥ğŸ”¥ğŸ”¥ğŸ”¥ğŸ¤²ğŸ»ğŸ¤²ğŸ»ğŸ¤²ğŸ»ğŸ¤²ğŸ»ğŸ¤²ğŸ»ğŸ¤²ğŸ»ğŸ¤²ğŸ»ğŸ¤²ğŸ»ğŸ¤²ğŸ»ğŸ¤²ğŸ»ğŸ¤²ğŸ»ğŸ¤²ğŸ»ğŸ¤²ğŸ»ğŸ¤²ğŸ»ğŸ¤²ğŸ»ğŸ¤²ğŸ»ğŸ¤²ğŸ»ğŸ¤²ğŸ»ğŸ¤²ğŸ»ğŸ¤²ğŸ»ğŸ¤²ğŸ»ğŸ¤²ğŸ»ğŸ¤²ğŸ»ğŸ˜ğŸ˜ğŸ˜ğŸ˜ğŸ˜ğŸ˜ğŸ˜ğŸ˜ğŸ˜ğŸ˜ğŸ˜ğŸ˜ğŸ˜ğŸ˜ğŸ˜ğŸ˜ğŸ˜ğŸ˜ğŸ˜ğŸ”¥ğŸ”¥ğŸ”¥ğŸ”¥ğŸ”¥ğŸ”¥ğŸ”¥ğŸ”¥ğŸ”¥ğŸ”¥ğŸ”¥ğŸ”¥ğŸ”¥ğŸ”¥ğŸ”¥ğŸ”¥ğŸ”¥ğŸ”¥ğŸ”¥ğŸ”¥ğŸ¤²ğŸ»ğŸ¤²ğŸ»ğŸ¤²ğŸ»ğŸ¤²ğŸ»ğŸ¤²ğŸ»ğŸ¤²ğŸ»ğŸ¤²ğŸ»ğŸ¤²ğŸ»ğŸ¤²ğŸ»ğŸ¤²ğŸ»ğŸ¤²ğŸ»ğŸ¤²ğŸ»ğŸ¤²ğŸ»ğŸ¤²ğŸ»ğŸ¤²ğŸ»ğŸ¤²ğŸ»ğŸ¤²ğŸ»ğŸ¤²ğŸ»ğŸ¤²ğŸ»ğŸ¤²ğŸ»ğŸ¤²ğŸ»ğŸ¤²ğŸ»ğŸ¤²ğŸ»ğŸ˜ğŸ˜ğŸ˜ğŸ˜ğŸ˜ğŸ˜ğŸ˜ğŸ˜ğŸ˜ğŸ˜ğŸ˜ğŸ˜ğŸ˜ğŸ˜ğŸ˜ğŸ˜ğŸ˜ğŸ˜ğŸ˜ğŸ”¥ğŸ”¥ğŸ”¥ğŸ”¥ğŸ”¥ğŸ”¥ğŸ”¥ğŸ”¥ğŸ”¥ğŸ”¥ğŸ”¥ğŸ”¥ğŸ”¥ğŸ”¥ğŸ”¥ğŸ”¥ğŸ”¥ğŸ”¥ğŸ”¥ğŸ”¥ğŸ¤²ğŸ»ğŸ¤²ğŸ»ğŸ¤²ğŸ»ğŸ¤²ğŸ»ğŸ¤²ğŸ»ğŸ¤²ğŸ»ğŸ¤²ğŸ»ğŸ¤²ğŸ»ğŸ¤²ğŸ»ğŸ¤²ğŸ»ğŸ¤²ğŸ»ğŸ¤²ğŸ»ğŸ¤²ğŸ»ğŸ¤²ğŸ»ğŸ¤²ğŸ»ğŸ¤²ğŸ»ğŸ¤²ğŸ»ğŸ¤²ğŸ»ğŸ¤²ğŸ»ğŸ¤²ğŸ»ğŸ¤²ğŸ»ğŸ¤²ğŸ»ğŸ¤²ğŸ»ğŸ˜ğŸ˜ğŸ˜ğŸ˜ğŸ˜ğŸ˜ğŸ˜ğŸ˜ğŸ˜ğŸ˜ğŸ˜ğŸ˜ğŸ˜ğŸ˜ğŸ˜ğŸ˜ğŸ˜ğŸ˜ğŸ˜ğŸ”¥ğŸ”¥ğŸ”¥ğŸ”¥ğŸ”¥ğŸ”¥ğŸ”¥ğŸ”¥ğŸ”¥ğŸ”¥ğŸ”¥ğŸ”¥ğŸ”¥ğŸ”¥ğŸ”¥ğŸ”¥ğŸ”¥ğŸ”¥ğŸ”¥ğŸ”¥ğŸ¤²ğŸ»ğŸ¤²ğŸ»ğŸ¤²ğŸ»ğŸ¤²ğŸ»ğŸ¤²ğŸ»ğŸ¤²ğŸ»ğŸ¤²ğŸ»ğŸ¤²ğŸ»ğŸ¤²ğŸ»ğŸ¤²ğŸ»ğŸ¤²ğŸ»ğŸ¤²ğŸ»ğŸ¤²ğŸ»ğŸ¤²ğŸ»ğŸ¤²ğŸ»ğŸ¤²ğŸ»ğŸ¤²ğŸ»ğŸ¤²ğŸ»ğŸ¤²ğŸ»ğŸ¤²ğŸ»ğŸ¤²ğŸ»ğŸ¤²ğŸ»ğŸ¤²ğŸ»ğŸ˜ğŸ˜ğŸ˜ğŸ˜ğŸ˜ğŸ˜ğŸ˜ğŸ˜ğŸ˜ğŸ˜ğŸ˜ğŸ˜ğŸ˜ğŸ˜ğŸ˜ğŸ˜ğŸ˜ğŸ˜ğŸ˜ğŸ”¥ğŸ”¥ğŸ”¥ğŸ”¥ğŸ”¥ğŸ”¥ğŸ”¥ğŸ”¥ğŸ”¥ğŸ”¥ğŸ”¥ğŸ”¥ğŸ”¥ğŸ”¥ğŸ”¥ğŸ”¥ğŸ”¥ğŸ”¥ğŸ”¥ğŸ”¥ğŸ¤²ğŸ»ğŸ¤²ğŸ»ğŸ¤²ğŸ»ğŸ¤²ğŸ»ğŸ¤²ğŸ»ğŸ¤²ğŸ»ğŸ¤²ğŸ»ğŸ¤²ğŸ»ğŸ¤²ğŸ»ğŸ¤²ğŸ»ğŸ¤²ğŸ»ğŸ¤²ğŸ»ğŸ¤²ğŸ»ğŸ¤²ğŸ»ğŸ¤²ğŸ»ğŸ¤²ğŸ»ğŸ¤²ğŸ»ğŸ¤²ğŸ»ğŸ¤²ğŸ»ğŸ¤²ğŸ»ğŸ¤²ğŸ»ğŸ¤²ğŸ»ğŸ¤²ğŸ»ğŸ˜ğŸ˜ğŸ˜ğŸ˜ğŸ˜ğŸ˜ğŸ˜ğŸ˜ğŸ˜ğŸ˜ğŸ˜ğŸ˜ğŸ˜ğŸ˜ğŸ˜ğŸ˜ğŸ˜ğŸ˜ğŸ˜ğŸ”¥ğŸ”¥ğŸ”¥ğŸ”¥ğŸ”¥ğŸ”¥ğŸ”¥ğŸ”¥ğŸ”¥ğŸ”¥ğŸ”¥ğŸ”¥ğŸ”¥ğŸ”¥ğŸ”¥ğŸ”¥ğŸ”¥ğŸ”¥ğŸ”¥ğŸ”¥ğŸ¤²ğŸ»ğŸ¤²ğŸ»ğŸ¤²ğŸ»ğŸ¤²ğŸ»ğŸ¤²ğŸ»ğŸ¤²ğŸ»ğŸ¤²ğŸ»ğŸ¤²ğŸ»ğŸ¤²ğŸ»ğŸ¤²ğŸ»ğŸ¤²ğŸ»ğŸ¤²ğŸ»ğŸ¤²ğŸ»ğŸ¤²ğŸ»ğŸ¤²ğŸ»ğŸ¤²ğŸ»ğŸ¤²ğŸ»ğŸ¤²ğŸ»ğŸ¤²ğŸ»ğŸ¤²ğŸ»ğŸ¤²ğŸ»ğŸ¤²ğŸ»ğŸ¤²ğŸ»ğŸ˜ğŸ˜ğŸ˜ğŸ˜ğŸ˜ğŸ˜ğŸ˜ğŸ˜ğŸ˜ğŸ˜ğŸ˜ğŸ˜ğŸ˜ğŸ˜ğŸ˜ğŸ˜ğŸ˜ğŸ˜ğŸ˜ğŸ”¥ğŸ”¥ğŸ”¥ğŸ”¥ğŸ”¥ğŸ”¥ğŸ”¥ğŸ”¥ğŸ”¥ğŸ”¥ğŸ”¥ğŸ”¥ğŸ”¥ğŸ”¥ğŸ”¥ğŸ”¥ğŸ”¥ğŸ”¥ğŸ”¥ğŸ”¥ğŸ¤²ğŸ»ğŸ¤²ğŸ»ğŸ¤²ğŸ»ğŸ¤²ğŸ»ğŸ¤²ğŸ»ğŸ¤²ğŸ»ğŸ¤²ğŸ»ğŸ¤²ğŸ»ğŸ¤²ğŸ»ğŸ¤²ğŸ»ğŸ¤²ğŸ»ğŸ¤²ğŸ»ğŸ¤²ğŸ»ğŸ¤²ğŸ»ğŸ¤²ğŸ»ğŸ¤²ğŸ»ğŸ¤²ğŸ»ğŸ¤²ğŸ»ğŸ¤²ğŸ»ğŸ¤²ğŸ»ğŸ¤²ğŸ»ğŸ¤²ğŸ»ğŸ¤²ğŸ»ğŸ˜ğŸ˜ğŸ˜ğŸ˜ğŸ˜ğŸ˜ğŸ˜ğŸ˜ğŸ˜ğŸ˜ğŸ˜ğŸ˜ğŸ˜ğŸ˜ğŸ˜ğŸ˜ğŸ˜ğŸ˜ğŸ˜ğŸ”¥ğŸ”¥ğŸ”¥ğŸ”¥ğŸ”¥ğŸ”¥ğŸ”¥ğŸ”¥ğŸ”¥ğŸ”¥ğŸ”¥ğŸ”¥ğŸ”¥ğŸ”¥ğŸ”¥ğŸ”¥ğŸ”¥ğŸ”¥ğŸ”¥ğŸ”¥ğŸ¤²ğŸ»ğŸ¤²ğŸ»ğŸ¤²ğŸ»ğŸ¤²ğŸ»ğŸ¤²ğŸ»ğŸ¤²ğŸ»ğŸ¤²ğŸ»ğŸ¤²ğŸ»ğŸ¤²ğŸ»ğŸ¤²ğŸ»ğŸ¤²ğŸ»ğŸ¤²ğŸ»ğŸ¤²ğŸ»ğŸ¤²ğŸ»ğŸ¤²ğŸ»ğŸ¤²ğŸ»ğŸ¤²ğŸ»ğŸ¤²ğŸ»ğŸ¤²ğŸ»ğŸ¤²ğŸ»ğŸ¤²ğŸ»ğŸ¤²ğŸ»ğŸ¤²ğŸ»ğŸ˜ğŸ˜ğŸ˜ğŸ˜ğŸ˜ğŸ˜ğŸ˜ğŸ˜ğŸ˜ğŸ˜ğŸ˜ğŸ˜ğŸ˜ğŸ˜ğŸ˜ğŸ˜ğŸ˜ğŸ˜ğŸ˜ğŸ”¥ğŸ”¥ğŸ”¥ğŸ”¥ğŸ”¥ğŸ”¥ğŸ”¥ğŸ”¥ğŸ”¥ğŸ”¥ğŸ”¥ğŸ”¥ğŸ”¥ğŸ”¥ğŸ”¥ğŸ”¥ğŸ”¥ğŸ”¥ğŸ”¥ğŸ”¥ğŸ¤²ğŸ»ğŸ¤²ğŸ»ğŸ¤²ğŸ»ğŸ¤²ğŸ»ğŸ¤²ğŸ»ğŸ¤²ğŸ»ğŸ¤²ğŸ»ğŸ¤²ğŸ»ğŸ¤²ğŸ»ğŸ¤²ğŸ»ğŸ¤²ğŸ»ğŸ¤²ğŸ»ğŸ¤²ğŸ»ğŸ¤²ğŸ»ğŸ¤²ğŸ»ğŸ¤²ğŸ»ğŸ¤²ğŸ»ğŸ¤²ğŸ»ğŸ¤²ğŸ»ğŸ¤²ğŸ»ğŸ¤²ğŸ»ğŸ¤²ğŸ»ğŸ¤²ğŸ»ğŸ˜ğŸ˜ğŸ˜ğŸ˜ğŸ˜ğŸ˜ğŸ˜ğŸ˜ğŸ˜ğŸ˜ğŸ˜ğŸ˜ğŸ˜ğŸ˜ğŸ˜ğŸ˜ğŸ˜ğŸ˜ğŸ˜ğŸ”¥ğŸ”¥ğŸ”¥ğŸ”¥ğŸ”¥ğŸ”¥ğŸ”¥ğŸ”¥ğŸ”¥ğŸ”¥ğŸ”¥ğŸ”¥ğŸ”¥ğŸ”¥ğŸ”¥ğŸ”¥ğŸ”¥ğŸ”¥ğŸ”¥ğŸ”¥ğŸ¤²ğŸ»ğŸ¤²ğŸ»ğŸ¤²ğŸ»ğŸ¤²ğŸ»ğŸ¤²ğŸ»ğŸ¤²ğŸ»ğŸ¤²ğŸ»ğŸ¤²ğŸ»ğŸ¤²ğŸ»ğŸ¤²ğŸ»ğŸ¤²ğŸ»ğŸ¤²ğŸ»ğŸ¤²ğŸ»ğŸ¤²ğŸ»ğŸ¤²ğŸ»ğŸ¤²ğŸ»ğŸ¤²ğŸ»ğŸ¤²ğŸ»ğŸ¤²ğŸ»ğŸ¤²ğŸ»ğŸ¤²ğŸ»ğŸ¤²ğŸ»ğŸ¤²ğŸ»ğŸ˜ğŸ˜ğŸ˜ğŸ˜ğŸ˜ğŸ˜ğŸ˜ğŸ˜ğŸ˜ğŸ˜ğŸ˜ğŸ˜ğŸ˜ğŸ˜ğŸ˜ğŸ˜ğŸ˜ğŸ˜ğŸ˜ğŸ”¥ğŸ”¥ğŸ”¥ğŸ”¥ğŸ”¥ğŸ”¥ğŸ”¥ğŸ”¥ğŸ”¥ğŸ”¥ğŸ”¥ğŸ”¥ğŸ”¥ğŸ”¥ğŸ”¥ğŸ”¥ğŸ”¥ğŸ”¥ğŸ”¥ğŸ”¥ğŸ¤²ğŸ»ğŸ¤²ğŸ»ğŸ¤²ğŸ»ğŸ¤²ğŸ»ğŸ¤²ğŸ»ğŸ¤²ğŸ»ğŸ¤²ğŸ»ğŸ¤²ğŸ»ğŸ¤²ğŸ»ğŸ¤²ğŸ»ğŸ¤²ğŸ»ğŸ¤²ğŸ»ğŸ¤²ğŸ»ğŸ¤²ğŸ»ğŸ¤²ğŸ»ğŸ¤²ğŸ»ğŸ¤²ğŸ»
@omadliqizaloq16,@omadlimanda01 @miss.madina55 @munis.a284 @far.rux235 @sarv_inoz570 @zebo.239 @begu.bor2025 @ezoza_290 @ozoda_2482 @kari_ma2164 @yasmina33338Omadâ¤ï¸â¤ï¸â¤ï¸â¤ï¸â¤ï¸ğŸ˜â¤ï¸ğŸ˜â¤ï¸ğŸ˜â¤ï¸ğŸ˜â¤ï¸ğŸ˜ğŸ˜â¤ï¸ğŸ˜â¤ï¸ğŸ˜â¤ï¸ğŸ˜â¤ï¸ğŸ˜â¤ï¸ğŸ˜â¤ï¸ğŸ˜ğŸ˜â¤ï¸ğŸ˜â¤ï¸Omadâ¤ï¸â¤ï¸â¤ï¸â¤ï¸â¤ï¸ğŸ˜â¤ï¸ğŸ˜â¤ï¸ğŸ˜â¤ï¸ğŸ˜â¤ï¸ğŸ˜ğŸ˜â¤ï¸ğŸ˜â¤ï¸ğŸ˜â¤ï¸ğŸ˜â¤ï¸ğŸ˜â¤ï¸ğŸ˜â¤ï¸ğŸ˜ğŸ˜â¤ï¸ğŸ˜â¤ï¸Omadâ¤ï¸â¤ï¸â¤ï¸â¤ï¸â¤ï¸ğŸ˜â¤ï¸ğŸ˜â¤ï¸ğŸ˜â¤ï¸ğŸ˜â¤ï¸ğŸ˜ğŸ˜â¤ï¸ğŸ˜â¤ï¸ğŸ˜â¤ï¸ğŸ˜â¤ï¸ğŸ˜â¤ï¸ğŸ˜â¤ï¸ğŸ˜ğŸ˜â¤ï¸ğŸ˜â¤ï¸Omadâ¤ï¸â¤ï¸â¤ï¸â¤ï¸â¤ï¸ğŸ˜â¤ï¸ğŸ˜â¤ï¸ğŸ˜â¤ï¸ğŸ˜â¤ï¸ğŸ˜ğŸ˜â¤ï¸ğŸ˜â¤ï¸ğŸ˜â¤ï¸ğŸ˜â¤ï¸ğŸ˜â¤ï¸ğŸ˜â¤ï¸ğŸ˜ğŸ˜â¤ï¸ğŸ˜â¤ï¸Omadâ¤ï¸â¤ï¸â¤ï¸â¤ï¸â¤ï¸ğŸ˜â¤ï¸ğŸ˜â¤ï¸ğŸ˜â¤ï¸ğŸ˜â¤ï¸ğŸ˜ğŸ˜â¤ï¸ğŸ˜â¤ï¸ğŸ˜â¤ï¸ğŸ˜â¤ï¸ğŸ˜â¤ï¸ğŸ˜â¤ï¸ğŸ˜ğŸ˜â¤ï¸ğŸ˜â¤ï¸Omadâ¤ï¸â¤ï¸â¤ï¸â¤ï¸â¤ï¸ğŸ˜â¤ï¸ğŸ˜â¤ï¸ğŸ˜â¤ï¸ğŸ˜â¤ï¸ğŸ˜ğŸ˜â¤ï¸ğŸ˜â¤ï¸ğŸ˜â¤ï¸ğŸ˜â¤ï¸ğŸ˜â¤ï¸ğŸ˜â¤ï¸ğŸ˜ğŸ˜â¤ï¸ğŸ˜â¤ï¸
@jahongir727_0.7,"@marufbek_7777777 @olimzoda_88888 @sanobar_7400 @gulijon_3334 @yulya_727 @moxiya202 ""Ishlaringizga ulkan omad va cheksiz rivoj tilayman! Har bir boshlagan ishlaringiz chiroyli natija bersin, qilayotgan mehnatingiz samarasini koâ€˜p bora koâ€˜rib, yanada ilhom va kuch oling. Savdolaringiz barakali, mijozlaringiz koâ€˜p, daromadlaringiz esa ziyoda boâ€˜lsin. Har bir kuningiz yangidan-yangi imkoniyatlar, muvaffaqiyatlar va quvonchlar bilan toâ€˜lsin. Omad sizni hech qachon tark etmasin! ğŸ€ğŸ¤²ğŸ’«"""
@yulduzchaok,"@shodiyaumarxon @pardaboyeva_shy @muhlisaxon_xon @jahongirusmonov727 @pardayev_bbb @jahongir727_0.7 @usman_off_aa Ishlaringizga ulkan rivoj tilayman! Sizning mehnatingiz, harakatlaringiz va fidoyiligingizni koâ€˜rib chin dildan qoyil qolaman. Bugungi kunda har bir ishga halol, pok niyat va sidqidildan yondashadigan insonlar juda kam uchraydi, siz esa ana shunday insonlardan birisiz. Siz qilayotgan ish faqatgina moddiy foyda emas, balki atrofdagilarga yaxshi kayfiyat, motivatsiya va ilhom ulashmoqda. Har bir loyihangiz, har bir tashabbusingiz katta yutuqlarga eltishini tilayman. Sizning mashaqqatli mehnatingiz befoyda ketmaydi, buni hayotning oâ€˜zi isbotlaydi.
Har bir kuningiz yangi gâ€˜oya va imkoniyatlarga boy boâ€˜lsin, oldingizda doimo ochiq yoâ€˜llar, qoâ€˜lingizda mustahkam poydevor, qalbingizda esa cheksiz ishonch boâ€˜lsin. Ishlaringizda baraka, rejalaringizda izchillik, maqsadlaringizda qatâ€™iyat va sabr boâ€˜lishini soâ€˜rayman. Sizning intilishlaringiz, orzularingiz, niyatlaringiz â€“ barchasi albatta amalga oshadi, chunki siz bunga arziydigan, buning uchun tinimsiz harakat qiladigan insonsiz.
Har bir ish boshlaganingizda omad siz bilan boâ€˜lsin, har bir yoâ€˜lga chiqqaningizda yelkangizda duo boâ€˜lsin. Sizning qilayotgan ishingiz faqat bugungi kun uchun emas, balki kelajak uchun ham mustahkam poydevor boâ€˜lib qoladi. Atrofingizdagi insonlar sizdan oâ€˜rnak olsin, sizning mehnatingizni qadrlasin. Har bir qiyinchilik sizni yanada kuchliroq qilsin, har bir muvaffaqiyat esa sizni yanada yuqoriga olib chiqqin.
Doimo sogâ€˜-salomat boâ€˜ling, chunki sogâ€˜liq â€“ bu eng katta boylik. Har bir tongingiz quvonchli, har bir kechangiz tinch va hotirjam oâ€˜tsin. Ishlaringizda shunday yutuqlarga erishingki, ularni sanashga qoâ€˜llaringiz yetmasin, yozishga varaqlar kamlik qilsin. Sizga faqatgina eng yaxshi mijozlar, eng toâ€˜gâ€˜ri hamkorlar va eng sodiq doâ€˜stlar nasib etsin.
Sizni hamisha yangi marralar, yangi choâ€˜qqilar kutib tursin. Kelajagingiz yorqin, ishlaringiz sermahsul boâ€˜lsin. Doimo kulib yuring, chunki sizning tabassumingiz ham odamlarni ilhomlantiradi. Sizning qilayotgan mehnatingiz faqat oâ€˜zingizga emas, balki butun jamiyatga foyda olib kelmoqda. Shunday ekan, hech qachon toâ€˜xtamang, hara"
@nazarov150798,"Doâ€˜stlaringiz bilan boâ€˜lgan munosabatlaringiz mustahkam, oilangizda esa faqat quvonch va mehr boâ€˜lsin. ğŸ’– Sizga berilgan har bir kun yangi imkoniyatlar, kutilmagan sovgâ€˜alar va iliq uchrashuvlarga boy boâ€˜lsin."
@zaynab.baxtiyarovna,@_shaxrizada_03
@_paraxatovnagulzar,@oisha_desinger
@malika__dilmurodova,@malikadilmurodova @dilmurodovelbek @d_1_l_m_u_r_o_d_o_v @malikadilmurodova @malikaakakn @mali.kad13 @drujbek @mallikaaa13 @mali.kad13 @dilmurodov255ğŸ˜ğŸ˜ğŸ˜ğŸ˜ğŸ˜ğŸ˜ğŸ˜ğŸ˜ğŸ˜ğŸ˜ğŸ˜ğŸ˜ğŸ˜ğŸ˜ğŸ˜ğŸ˜ğŸ˜ğŸ˜ğŸ˜ğŸ”¥ğŸ”¥ğŸ”¥ğŸ”¥ğŸ”¥ğŸ”¥ğŸ”¥ğŸ”¥ğŸ”¥ğŸ”¥ğŸ”¥ğŸ”¥ğŸ”¥ğŸ”¥ğŸ”¥ğŸ”¥ğŸ”¥ğŸ”¥ğŸ”¥ğŸ”¥ğŸ¤²ğŸ»ğŸ¤²ğŸ»ğŸ¤²ğŸ»ğŸ¤²ğŸ»ğŸ¤²ğŸ»ğŸ¤²ğŸ»ğŸ¤²ğŸ»ğŸ¤²ğŸ»ğŸ¤²ğŸ»ğŸ¤²ğŸ»ğŸ¤²ğŸ»ğŸ¤²ğŸ»ğŸ¤²ğŸ»ğŸ¤²ğŸ»ğŸ¤²ğŸ»ğŸ¤²ğŸ»ğŸ¤²ğŸ»ğŸ¤²ğŸ»ğŸ¤²ğŸ»ğŸ¤²ğŸ»ğŸ¤²ğŸ»ğŸ¤²ğŸ»ğŸ¤²ğŸ»ğŸ˜ğŸ˜ğŸ˜ğŸ˜ğŸ˜ğŸ˜ğŸ˜ğŸ˜ğŸ˜ğŸ˜ğŸ˜ğŸ˜ğŸ˜ğŸ˜ğŸ˜ğŸ˜ğŸ˜ğŸ˜ğŸ˜ğŸ”¥ğŸ”¥ğŸ”¥ğŸ”¥ğŸ”¥ğŸ”¥ğŸ”¥ğŸ”¥ğŸ”¥ğŸ”¥ğŸ”¥ğŸ”¥ğŸ”¥ğŸ”¥ğŸ”¥ğŸ”¥ğŸ”¥ğŸ”¥ğŸ”¥ğŸ”¥ğŸ¤²ğŸ»ğŸ¤²ğŸ»ğŸ¤²ğŸ»ğŸ¤²ğŸ»ğŸ¤²ğŸ»ğŸ¤²ğŸ»ğŸ¤²ğŸ»ğŸ¤²ğŸ»ğŸ¤²ğŸ»ğŸ¤²ğŸ»ğŸ¤²ğŸ»ğŸ¤²ğŸ»ğŸ¤²ğŸ»ğŸ¤²ğŸ»ğŸ¤²ğŸ»ğŸ¤²ğŸ»ğŸ¤²ğŸ»ğŸ¤²ğŸ»ğŸ¤²ğŸ»ğŸ¤²ğŸ»ğŸ¤²ğŸ»ğŸ¤²ğŸ»ğŸ¤²ğŸ»ğŸ˜ğŸ˜ğŸ˜ğŸ˜ğŸ˜ğŸ˜ğŸ˜ğŸ˜ğŸ˜ğŸ˜ğŸ˜ğŸ˜ğŸ˜ğŸ˜ğŸ˜ğŸ˜ğŸ˜ğŸ˜ğŸ˜ğŸ”¥ğŸ”¥ğŸ”¥ğŸ”¥ğŸ”¥ğŸ”¥ğŸ”¥ğŸ”¥ğŸ”¥ğŸ”¥ğŸ”¥ğŸ”¥ğŸ”¥ğŸ”¥ğŸ”¥ğŸ”¥ğŸ”¥ğŸ”¥ğŸ”¥ğŸ”¥ğŸ¤²ğŸ»ğŸ¤²ğŸ»ğŸ¤²ğŸ»ğŸ¤²ğŸ»ğŸ¤²ğŸ»ğŸ¤²ğŸ»ğŸ¤²ğŸ»ğŸ¤²ğŸ»ğŸ¤²ğŸ»ğŸ¤²ğŸ»ğŸ¤²ğŸ»ğŸ¤²ğŸ»ğŸ¤²ğŸ»ğŸ¤²ğŸ»ğŸ¤²ğŸ»ğŸ¤²ğŸ»ğŸ¤²ğŸ»ğŸ¤²ğŸ»ğŸ¤²ğŸ»ğŸ¤²ğŸ»ğŸ¤²ğŸ»ğŸ¤²ğŸ»ğŸ¤²ğŸ»ğŸ˜ğŸ˜ğŸ˜ğŸ˜ğŸ˜ğŸ˜ğŸ˜ğŸ˜ğŸ˜ğŸ˜ğŸ˜ğŸ˜ğŸ˜ğŸ˜ğŸ˜ğŸ˜ğŸ˜ğŸ˜ğŸ˜ğŸ”¥ğŸ”¥ğŸ”¥ğŸ”¥ğŸ”¥ğŸ”¥ğŸ”¥ğŸ”¥ğŸ”¥ğŸ”¥ğŸ”¥ğŸ”¥ğŸ”¥ğŸ”¥ğŸ”¥ğŸ”¥ğŸ”¥ğŸ”¥ğŸ”¥ğŸ”¥ğŸ¤²ğŸ»ğŸ¤²ğŸ»ğŸ¤²ğŸ»ğŸ¤²ğŸ»ğŸ¤²ğŸ»ğŸ¤²ğŸ»ğŸ¤²ğŸ»ğŸ¤²ğŸ»ğŸ¤²ğŸ»ğŸ¤²ğŸ»ğŸ¤²ğŸ»ğŸ¤²ğŸ»ğŸ¤²ğŸ»ğŸ¤²ğŸ»ğŸ¤²ğŸ»ğŸ¤²ğŸ»ğŸ¤²ğŸ»ğŸ¤²ğŸ»ğŸ¤²ğŸ»ğŸ¤²ğŸ»ğŸ¤²ğŸ»ğŸ¤²ğŸ»ğŸ¤²ğŸ»ğŸ˜ğŸ˜ğŸ˜ğŸ˜ğŸ˜ğŸ˜ğŸ˜ğŸ˜ğŸ˜ğŸ˜ğŸ˜ğŸ˜ğŸ˜ğŸ˜ğŸ˜ğŸ˜ğŸ˜ğŸ˜ğŸ˜ğŸ”¥ğŸ”¥ğŸ”¥ğŸ”¥ğŸ”¥ğŸ”¥ğŸ”¥ğŸ”¥ğŸ”¥ğŸ”¥ğŸ”¥ğŸ”¥ğŸ”¥ğŸ”¥ğŸ”¥ğŸ”¥ğŸ”¥ğŸ”¥ğŸ”¥ğŸ”¥ğŸ¤²ğŸ»ğŸ¤²ğŸ»ğŸ¤²ğŸ»ğŸ¤²ğŸ»ğŸ¤²ğŸ»ğŸ¤²ğŸ»ğŸ¤²ğŸ»ğŸ¤²ğŸ»ğŸ¤²ğŸ»ğŸ¤²ğŸ»ğŸ¤²ğŸ»ğŸ¤²ğŸ»ğŸ¤²ğŸ»ğŸ¤²ğŸ»ğŸ¤²ğŸ»ğŸ¤²ğŸ»ğŸ¤²ğŸ»ğŸ¤²ğŸ»ğŸ¤²ğŸ»ğŸ¤²ğŸ»ğŸ¤²ğŸ»ğŸ¤²ğŸ»ğŸ¤²ğŸ»ğŸ˜ğŸ˜ğŸ˜ğŸ˜ğŸ˜ğŸ˜ğŸ˜ğŸ˜ğŸ˜ğŸ˜ğŸ˜ğŸ˜ğŸ˜ğŸ˜ğŸ˜ğŸ˜ğŸ˜ğŸ˜ğŸ˜ğŸ”¥ğŸ”¥ğŸ”¥ğŸ”¥ğŸ”¥ğŸ”¥ğŸ”¥ğŸ”¥ğŸ”¥ğŸ”¥ğŸ”¥ğŸ”¥ğŸ”¥ğŸ”¥ğŸ”¥ğŸ”¥ğŸ”¥ğŸ”¥ğŸ”¥ğŸ”¥ğŸ¤²ğŸ»ğŸ¤²ğŸ»ğŸ¤²ğŸ»ğŸ¤²ğŸ»ğŸ¤²ğŸ»ğŸ¤²ğŸ»ğŸ¤²ğŸ»ğŸ¤²ğŸ»ğŸ¤²ğŸ»ğŸ¤²ğŸ»ğŸ¤²ğŸ»ğŸ¤²ğŸ»ğŸ¤²ğŸ»ğŸ¤²ğŸ»ğŸ¤²ğŸ»ğŸ¤²ğŸ»ğŸ¤²ğŸ»ğŸ¤²ğŸ»ğŸ¤²ğŸ»ğŸ¤²ğŸ»ğŸ¤²ğŸ»ğŸ¤²ğŸ»ğŸ¤²ğŸ»ğŸ˜ğŸ˜ğŸ˜ğŸ˜ğŸ˜ğŸ˜ğŸ˜ğŸ˜ğŸ˜ğŸ˜ğŸ˜ğŸ˜ğŸ˜ğŸ˜ğŸ˜ğŸ˜ğŸ˜ğŸ˜ğŸ˜ğŸ”¥ğŸ”¥ğŸ”¥ğŸ”¥ğŸ”¥ğŸ”¥ğŸ”¥ğŸ”¥ğŸ”¥ğŸ”¥ğŸ”¥ğŸ”¥ğŸ”¥ğŸ”¥ğŸ”¥ğŸ”¥ğŸ”¥ğŸ”¥ğŸ”¥ğŸ”¥ğŸ¤²ğŸ»ğŸ¤²ğŸ»ğŸ¤²ğŸ»ğŸ¤²ğŸ»ğŸ¤²ğŸ»ğŸ¤²ğŸ»ğŸ¤²ğŸ»ğŸ¤²ğŸ»ğŸ¤²ğŸ»ğŸ¤²ğŸ»ğŸ¤²ğŸ»ğŸ¤²ğŸ»ğŸ¤²ğŸ»ğŸ¤²ğŸ»ğŸ¤²ğŸ»ğŸ¤²ğŸ»ğŸ¤²ğŸ»ğŸ¤²ğŸ»ğŸ¤²ğŸ»ğŸ¤²ğŸ»ğŸ¤²ğŸ»ğŸ¤²ğŸ»ğŸ¤²ğŸ»ğŸ˜ğŸ˜ğŸ˜ğŸ˜ğŸ˜ğŸ˜ğŸ˜ğŸ˜ğŸ˜ğŸ˜ğŸ˜ğŸ˜ğŸ˜ğŸ˜ğŸ˜ğŸ˜ğŸ˜ğŸ˜ğŸ˜ğŸ”¥ğŸ”¥ğŸ”¥ğŸ”¥ğŸ”¥ğŸ”¥ğŸ”¥ğŸ”¥ğŸ”¥ğŸ”¥ğŸ”¥ğŸ”¥ğŸ”¥ğŸ”¥ğŸ”¥ğŸ”¥ğŸ”¥ğŸ”¥ğŸ”¥ğŸ”¥ğŸ¤²ğŸ»ğŸ¤²ğŸ»ğŸ¤²ğŸ»ğŸ¤²ğŸ»ğŸ¤²ğŸ»ğŸ¤²ğŸ»ğŸ¤²ğŸ»ğŸ¤²ğŸ»ğŸ¤²ğŸ»ğŸ¤²ğŸ»ğŸ¤²ğŸ»ğŸ¤²ğŸ»ğŸ¤²ğŸ»ğŸ¤²ğŸ»ğŸ¤²ğŸ»ğŸ¤²ğŸ»ğŸ¤²ğŸ»ğŸ¤²ğŸ»ğŸ¤²ğŸ»ğŸ¤²ğŸ»ğŸ¤²ğŸ»ğŸ¤²ğŸ»ğŸ¤²ğŸ»ğŸ˜ğŸ˜ğŸ˜ğŸ˜ğŸ˜ğŸ˜ğŸ˜ğŸ˜ğŸ˜ğŸ˜ğŸ˜ğŸ˜ğŸ˜ğŸ˜ğŸ˜ğŸ˜ğŸ˜ğŸ˜ğŸ˜ğŸ”¥ğŸ”¥ğŸ”¥ğŸ”¥ğŸ”¥ğŸ”¥ğŸ”¥ğŸ”¥ğŸ”¥ğŸ”¥ğŸ”¥ğŸ”¥ğŸ”¥ğŸ”¥ğŸ”¥ğŸ”¥ğŸ”¥ğŸ”¥ğŸ”¥ğŸ”¥ğŸ¤²ğŸ»ğŸ¤²ğŸ»ğŸ¤²ğŸ»ğŸ¤²ğŸ»ğŸ¤²ğŸ»ğŸ¤²ğŸ»ğŸ¤²ğŸ»ğŸ¤²ğŸ»ğŸ¤²ğŸ»ğŸ¤²ğŸ»ğŸ¤²ğŸ»ğŸ¤²ğŸ»ğŸ¤²ğŸ»ğŸ¤²ğŸ»ğŸ¤²ğŸ»ğŸ¤²ğŸ»ğŸ¤²ğŸ»ğŸ¤²ğŸ»ğŸ¤²ğŸ»ğŸ¤²ğŸ»ğŸ¤²ğŸ»ğŸ¤²ğŸ»ğŸ¤²ğŸ»
@aydana.0890a,"ĞĞ¼Ğ¾Ğ½Ğ°Ñ‚ Ğ´ÑƒĞ½Ñ‘Ğ´Ğ° Ğ¾Ğ¼Ğ¾Ğ½ Ğ±ÑƒĞ»Ğ¸Ğ½Ğ³! 
ğŸ¥°ğŸ¥°ğŸ¥°ğŸ¥°ğŸ¥°ğŸ¥°ğŸ¥°ğŸ¥°ğŸ¥°ğŸ¥°
ĞĞ›Ğ›ĞÒ² Ò³Ğ°Ñ€ Ğ±Ğ¸Ñ€ Ò›Ğ¸Ğ»Ğ°Ñ‘Ñ‚Ğ³Ğ°Ğ½ 
ğŸ’ğŸ’ğŸ’ğŸ’ğŸ’ğŸ’ğŸ’ğŸ’
Ñ…Ğ°Ğ¹Ñ€Ğ»Ğ¸ Ğ¸ÑˆĞ¸Ğ½Ğ³Ğ¸Ğ·Ğ´Ğ°Ğ½,
ğŸ¥³ğŸ¥³ğŸ¥³ğŸ¥³ğŸ¥³ğŸ¥³ğŸ¥³ğŸ¥³
Ğ±Ğ¾ÑĞ³Ğ°Ğ½ Ò³Ğ°Ñ€ Ğ±Ğ¸Ñ€ 
ğŸ…ğŸ…ğŸ…ğŸ…ğŸ…ğŸ…
Ò›Ğ°Ğ´Ğ°Ğ¼Ğ¸Ğ½Ğ³Ğ¸Ğ·Ğ´Ğ°Ğ½ Ñ€Ğ¾Ğ·Ğ¸ Ğ±ÑĞ»ÑĞ¸Ğ½.
ğŸ¤ğŸ¤ğŸ¤ğŸ¤ğŸ¤ğŸ¤ğŸ¤ğŸ¥³ğŸ¥³ğŸ¥³ğŸ’¥ğŸ’¥
 Ğ–Ğ¸ÑĞ¼Ğ¸Ğ½Ğ³Ğ¸Ğ·Ğ³Ğ° ÑĞ¾Ò“Ğ»Ğ¸Ò›, Ò›Ğ°Ğ»Ğ± 
ğŸ’¥ğŸ’¥ğŸ’¥ğŸ’¥ğŸ’¥ğŸ’¥ğŸ’¥ğŸ’¥ğŸ’¥ğŸ’¥
Ğ¾Ğ»Ğ°Ğ¼Ğ¸Ğ½Ğ³Ğ¸Ğ·Ğ³Ğ° Ñ…Ğ¾Ñ‚Ğ¸Ñ€Ğ¶Ğ°Ğ¼Ğ»Ğ¸Ğº 
ğŸ‰ğŸ‰ğŸ‰ğŸ‰ğŸ‰ğŸ‰ğŸ‰ğŸ‰ğŸ‰ğŸ‰ğŸ‰
Ñ‚Ğ¸Ğ»Ğ°Ğ¹Ğ¼Ğ°Ğ½! Ğ¢Ğ¾Ğ¿Ğ³Ğ°Ğ½Ğ¸Ğ½Ğ³Ğ¸Ğ· Ñ…Ğ°Ğ»Ğ¾Ğ» 
ğŸ’°ğŸ’°ğŸ’°ğŸ’°ğŸ’°ğŸ’°ğŸ’°ğŸ’°ğŸ’°ğŸ’°
Ğ±Ğ¾Ğ¹Ğ»Ğ¸Ğº, Ò›Ğ¸Ğ»Ğ³Ğ°Ğ½ Ğ¸Ğ±Ğ¾Ğ´Ğ°Ñ‚Ğ»Ğ°Ñ€Ğ¸Ğ½Ğ³Ğ¸Ğ· 
ğŸ•‹ğŸ•‹ğŸ•‹ğŸ•‹ğŸ•‹ğŸ•‹ğŸ•‹ğŸ•‹ğŸ•‹ğŸ•‹ğŸ•‹ğŸ•‹ğŸ•‹
Ğ°Ğ¶Ñ€Ñƒ ÑĞ°Ğ²Ğ¾Ğ±Ğ»Ğ°Ñ€Ğ³Ğ° Ñ‚ÑĞ»Ğ° Ğ±ÑĞ»ÑĞ¸Ğ½! 
ğŸ™ğŸ™ğŸ™ğŸ™ğŸ™ğŸ™ğŸ™ğŸ™ğŸ™ğŸ™ğŸ™
Har yangi ĞºÑƒĞ½Ğ¸Ğ½Ğ³Ğ¸Ğ· Ñ…Ğ°Ğ¹Ñ€Ğ»Ğ¸ Ğ²Ğ° Ñ„Ğ°Ğ¹Ğ·Ğ»Ğ¸ Ğ±ÑĞ»ÑĞ¸Ğ½.ğŸ’ğŸ’ğŸ’ğŸ’ğŸ’ğŸ’
ğŸŒ·ğŸŒ·ğŸŒ·ğŸŒ·ğŸŒ·â¤ï¸â¤ï¸â¤ï¸â¤ï¸ğŸ¥°ğŸ¥°ğŸ¥°
ğŸ‰ğŸ‰ğŸ‰ğŸ‰ğŸ‰ğŸ‰ğŸ‰ğŸ‰ğŸ‰ğŸ‰ğŸ‰"
@arabika_sheyha_,@mehrimoh_000_ @alloh__buyuk571 @miss_70_07  @_feride__07 @fotima_oyishaâ¤ï¸
@jurabek.dilmurodov,@malikadilmurodova @dilmurodovelbek @d_1_l_m_u_r_o_d_o_v @dilmurodov255 @dilmu_rodov5 @malikaakakn @mali.kad13 @de79909 @its_elka5 @mallikaaa13 @malicaaaaa5 @drujbek @malikadilmurodova
@ulugbeksobirov79,@mali.kad13 @de79909 @its_elka5 @mallikaaa13 @malicaaaaa5 @drujbek @malikadilmurodovağŸ˜ğŸ˜ğŸ˜ğŸ˜ğŸ˜ğŸ˜ğŸ˜ğŸ˜ğŸ˜ğŸ˜ğŸ˜ğŸ˜ğŸ˜ğŸ˜ğŸ˜ğŸ˜ğŸ˜ğŸ˜ğŸ˜ğŸ”¥ğŸ”¥ğŸ”¥ğŸ”¥ğŸ”¥ğŸ”¥ğŸ”¥ğŸ”¥ğŸ”¥ğŸ”¥ğŸ”¥ğŸ”¥ğŸ”¥ğŸ”¥ğŸ”¥ğŸ”¥ğŸ”¥ğŸ”¥ğŸ”¥ğŸ”¥
@guli.nur.7,"Doâ€˜stlaringiz bilan boâ€˜lgan munosabatlaringiz mustahkam, oilangizda esa faqat quvonch va mehr boâ€˜lsin. ğŸ’– Sizga berilgan har bir kun yangi imkoniyatlar, kutilmagan sovgâ€˜alar va iliq uchrashuvlarga boy boâ€˜lsin."
@shox_041123,ğŸ™ŒğŸ™ŒğŸ™ŒğŸ™Œ
@ozoda_2482,"@omadlimanda01 @miss.madina55 @munis.a284 @far.rux235 @sarv_inoz570 @zebo.239ğŸŒŸ OMAD HAQIDA ILHOMLI MATN ğŸŒŸ
Omad â€” bu tasodif emas, bu chin yurakdan orzu qilgan, sabr bilan kutgan, harakat bilan bezalgan yoâ€˜lning samarasidir. Koâ€˜pchilik omadni kutilmagan sovgâ€˜a deb biladi, ammo aslida omad â€” bu inson oâ€˜z ustida tinimsiz ishlaganida, har bir toâ€˜siqqa bardosh berganida, yiqilib yana turib, yana yurishni tanlaganida keladigan moâ€˜jizadir. Omad â€” yurakda iymon, koâ€˜zda orzu, dilda umid bilan yoâ€˜lga chiqqanlarning hamrohi boâ€˜ladi.
U har doim harakatda boâ€˜lgan, hech qachon taslim boâ€˜lmagan insonlarni yaxshi koâ€˜radi. Baâ€™zan u sust keladi, baâ€™zan kutilmaganda keladi, baâ€™zida esa oâ€˜zini sinovlar ortiga yashiradi. Ammo hech qachon yoâ€˜qolmaydi. Sen faqat orzularingdan voz kechma, istaklaringga sodiq qol, sabrni unutma, oâ€˜z yoâ€˜lingda davom et â€” va omad seni albatta topadi.
Omad seni kuchli qilmaydi â€” sen kuchli boâ€˜lganing uchun omad seni tanlaydi. Bugun sen orzu qilayotgan narsa, ertaga sening gâ€˜alabang boâ€˜lishi mumkin. Omad seni tark etmasin, har doim yoningda boâ€˜lsin, seni faqat yutuq sari yetaklasin! ğŸŒˆğŸ’«ğŸ€"
@kamola29423,Omadâ¤ï¸â¤ï¸â¤ï¸â¤ï¸â¤ï¸ğŸ˜â¤ï¸ğŸ˜â¤ï¸ğŸ˜â¤ï¸ğŸ˜â¤ï¸ğŸ˜ğŸ˜â¤ï¸ğŸ˜â¤ï¸ğŸ˜â¤ï¸ğŸ˜â¤ï¸ğŸ˜â¤ï¸ğŸ˜â¤ï¸ğŸ˜ğŸ˜â¤ï¸ğŸ˜â¤ï¸@jamil.a2163 @mahmudova95_01 @munis.a284 @yasmina33338Omad bizga ham nasib qilsinğŸ˜ğŸ˜ğŸ˜ğŸ˜ğŸ˜ğŸ˜ğŸ˜â¤ï¸â¤ï¸â¤ï¸â¤ï¸â¤ï¸â¤ï¸â¤ï¸â¤ï¸ğŸ˜ğŸ˜ğŸ˜ğŸ˜â¤ï¸â¤ï¸â¤ï¸â¤ï¸â¤ï¸â¤ï¸â¤ï¸â¤ï¸ğŸ˜ğŸ˜ğŸ˜ğŸ˜ğŸ˜@zebo.239 @begu.bor2025 @temu_r239 @xolbek9501
@nasib.a481,@bibi.sora374 @boti.rova7171 @kamo.la2412 @shokirovamadina65 @sarv_inoz570 @moviykoz1234 @feruza20_25 @far.rux235 @b_gulchiroy @odin_a26Omadâ¤ï¸â¤ï¸â¤ï¸â¤ï¸â¤ï¸ğŸ˜â¤ï¸ğŸ˜â¤ï¸ğŸ˜â¤ï¸ğŸ˜â¤ï¸ğŸ˜ğŸ˜â¤ï¸ğŸ˜â¤ï¸ğŸ˜â¤ï¸ğŸ˜â¤ï¸ğŸ˜â¤ï¸ğŸ˜â¤ï¸ğŸ˜ğŸ˜â¤ï¸ğŸ˜â¤ï¸@omadlimanda01 @miss.madina55 @munis.a284 @far.rux235 @sarv_inoz570 @zebo.239 @begu.bor2025 @ezoza_290 @ozoda_2482 @kari_ma2164 @yasmina33338
@fasonlarolami183,@omadlimanda01 @miss.madina55 @munis.a284 @far.rux235 @sarv_inoz570 @zebo.239 @begu.bor2025 @ezoza_290 @ozoda_2482 @kari_ma2164 @yasmina33338Omad bizga ham nasib qilsinğŸ˜ğŸ˜ğŸ˜ğŸ˜ğŸ˜ğŸ˜ğŸ˜â¤ï¸â¤ï¸â¤ï¸â¤ï¸â¤ï¸â¤ï¸â¤ï¸â¤ï¸ğŸ˜ğŸ˜ğŸ˜ğŸ˜â¤ï¸â¤ï¸â¤ï¸â¤ï¸â¤ï¸â¤ï¸â¤ï¸â¤ï¸ğŸ˜ğŸ˜ğŸ˜ğŸ˜ğŸ˜Omad bizga ham nasib qilsinğŸ˜ğŸ˜ğŸ˜ğŸ˜ğŸ˜ğŸ˜ğŸ˜â¤ï¸â¤ï¸â¤ï¸â¤ï¸â¤ï¸â¤ï¸â¤ï¸â¤ï¸ğŸ˜ğŸ˜ğŸ˜ğŸ˜â¤ï¸â¤ï¸â¤ï¸â¤ï¸â¤ï¸â¤ï¸â¤ï¸â¤ï¸ğŸ˜ğŸ˜ğŸ˜ğŸ˜ğŸ˜Omad bizga ham nasib qilsinğŸ˜ğŸ˜ğŸ˜ğŸ˜ğŸ˜ğŸ˜ğŸ˜â¤ï¸â¤ï¸â¤ï¸â¤ï¸â¤ï¸â¤ï¸â¤ï¸â¤ï¸ğŸ˜ğŸ˜ğŸ˜ğŸ˜â¤ï¸â¤ï¸â¤ï¸â¤ï¸â¤ï¸â¤ï¸â¤ï¸â¤ï¸ğŸ˜ğŸ˜ğŸ˜ğŸ˜ğŸ˜Omad bizga ham nasib qilsinğŸ˜ğŸ˜ğŸ˜ğŸ˜ğŸ˜ğŸ˜ğŸ˜â¤ï¸â¤ï¸â¤ï¸â¤ï¸â¤ï¸â¤ï¸â¤ï¸â¤ï¸ğŸ˜ğŸ˜ğŸ˜ğŸ˜â¤ï¸â¤ï¸â¤ï¸â¤ï¸â¤ï¸â¤ï¸â¤ï¸â¤ï¸ğŸ˜ğŸ˜ğŸ˜ğŸ˜ğŸ˜
@moviykoz1234,@bibi.sora374 @boti.rova7171 @kamo.la2412 @shokirovamadina65 @sarv_inoz570 @moviykoz1234 @feruza20_25 @far.rux235 @b_gulchiroy @odin_a26Omadâ¤ï¸â¤ï¸â¤ï¸â¤ï¸â¤ï¸ğŸ˜â¤ï¸ğŸ˜â¤ï¸ğŸ˜â¤ï¸ğŸ˜â¤ï¸ğŸ˜ğŸ˜â¤ï¸ğŸ˜â¤ï¸ğŸ˜â¤ï¸ğŸ˜â¤ï¸ğŸ˜â¤ï¸ğŸ˜â¤ï¸ğŸ˜ğŸ˜â¤ï¸ğŸ˜â¤ï¸Omadâ¤ï¸â¤ï¸â¤ï¸â¤ï¸â¤ï¸ğŸ˜â¤ï¸ğŸ˜â¤ï¸ğŸ˜â¤ï¸ğŸ˜â¤ï¸ğŸ˜ğŸ˜â¤ï¸ğŸ˜â¤ï¸ğŸ˜â¤ï¸ğŸ˜â¤ï¸ğŸ˜â¤ï¸ğŸ˜â¤ï¸ğŸ˜ğŸ˜â¤ï¸ğŸ˜â¤ï¸Omadâ¤ï¸â¤ï¸â¤ï¸â¤ï¸â¤ï¸ğŸ˜â¤ï¸ğŸ˜â¤ï¸ğŸ˜â¤ï¸ğŸ˜â¤ï¸ğŸ˜ğŸ˜â¤ï¸ğŸ˜â¤ï¸ğŸ˜â¤ï¸ğŸ˜â¤ï¸ğŸ˜â¤ï¸ğŸ˜â¤ï¸ğŸ˜ğŸ˜â¤ï¸ğŸ˜â¤ï¸Omadâ¤ï¸â¤ï¸â¤ï¸â¤ï¸â¤ï¸ğŸ˜â¤ï¸ğŸ˜â¤ï¸ğŸ˜â¤ï¸ğŸ˜â¤ï¸ğŸ˜ğŸ˜â¤ï¸ğŸ˜â¤ï¸ğŸ˜â¤ï¸ğŸ˜â¤ï¸ğŸ˜â¤ï¸ğŸ˜â¤ï¸ğŸ˜ğŸ˜â¤ï¸ğŸ˜â¤ï¸
@mahmudovasuxsur,@omadlimanda01 @miss.madina55 @munis.a284 @far.rux235 @sarv_inoz570 @zebo.239 @begu.bor2025 @ezoza_290 @ozoda_2482 @kari_ma2164 @yasmina33338Omadâ¤ï¸â¤ï¸â¤ï¸â¤ï¸â¤ï¸ğŸ˜â¤ï¸ğŸ˜â¤ï¸ğŸ˜â¤ï¸ğŸ˜â¤ï¸ğŸ˜ğŸ˜â¤ï¸ğŸ˜â¤ï¸ğŸ˜â¤ï¸ğŸ˜â¤ï¸ğŸ˜â¤ï¸ğŸ˜â¤ï¸ğŸ˜ğŸ˜â¤ï¸ğŸ˜â¤ï¸Omadâ¤ï¸â¤ï¸â¤ï¸â¤ï¸â¤ï¸ğŸ˜â¤ï¸ğŸ˜â¤ï¸ğŸ˜â¤ï¸ğŸ˜â¤ï¸ğŸ˜ğŸ˜â¤ï¸ğŸ˜â¤ï¸ğŸ˜â¤ï¸ğŸ˜â¤ï¸ğŸ˜â¤ï¸ğŸ˜â¤ï¸ğŸ˜ğŸ˜â¤ï¸ğŸ˜â¤ï¸Omadâ¤ï¸â¤ï¸â¤ï¸â¤ï¸â¤ï¸ğŸ˜â¤ï¸ğŸ˜â¤ï¸ğŸ˜â¤ï¸ğŸ˜â¤ï¸ğŸ˜ğŸ˜â¤ï¸ğŸ˜â¤ï¸ğŸ˜â¤ï¸ğŸ˜â¤ï¸ğŸ˜â¤ï¸ğŸ˜â¤ï¸ğŸ˜ğŸ˜â¤ï¸ğŸ˜â¤ï¸Omadâ¤ï¸â¤ï¸â¤ï¸â¤ï¸â¤ï¸ğŸ˜â¤ï¸ğŸ˜â¤ï¸ğŸ˜â¤ï¸ğŸ˜â¤ï¸ğŸ˜ğŸ˜â¤ï¸ğŸ˜â¤ï¸ğŸ˜â¤ï¸ğŸ˜â¤ï¸ğŸ˜â¤ï¸ğŸ˜â¤ï¸ğŸ˜ğŸ˜â¤ï¸ğŸ˜â¤ï¸Omadâ¤ï¸â¤ï¸â¤ï¸â¤ï¸â¤ï¸ğŸ˜â¤ï¸ğŸ˜â¤ï¸ğŸ˜â¤ï¸ğŸ˜â¤ï¸ğŸ˜ğŸ˜â¤ï¸ğŸ˜â¤ï¸ğŸ˜â¤ï¸ğŸ˜â¤ï¸ğŸ˜â¤ï¸ğŸ˜â¤ï¸ğŸ˜ğŸ˜â¤ï¸ğŸ˜â¤ï¸Omadâ¤ï¸â¤ï¸â¤ï¸â¤ï¸â¤ï¸ğŸ˜â¤ï¸ğŸ˜â¤ï¸ğŸ˜â¤ï¸ğŸ˜â¤ï¸ğŸ˜ğŸ˜â¤ï¸ğŸ˜â¤ï¸ğŸ˜â¤ï¸ğŸ˜â¤ï¸ğŸ˜â¤ï¸ğŸ˜â¤ï¸ğŸ˜ğŸ˜â¤ï¸ğŸ˜â¤ï¸
@elbe_kcccc,@malikadilmurodova @dilmurodovelbek @d_1_l_m_u_r_o_d_o_v @dilmurodov255 @dilmu_rodov5 @malikaakakn @mali.kad13 @de79909 @its_elka5 @mallikaaa13 @malicaaaaa5 @drujbek @malikadilmurodovağŸ˜ğŸ˜ğŸ˜ğŸ˜ğŸ˜ğŸ˜ğŸ˜ğŸ˜ğŸ˜ğŸ˜ğŸ˜ğŸ˜ğŸ˜ğŸ˜ğŸ˜ğŸ˜ğŸ˜ğŸ˜ğŸ˜ğŸ”¥ğŸ”¥ğŸ”¥ğŸ”¥ğŸ”¥ğŸ”¥ğŸ”¥ğŸ”¥ğŸ”¥ğŸ”¥ğŸ”¥ğŸ”¥ğŸ”¥ğŸ”¥ğŸ”¥ğŸ”¥ğŸ”¥ğŸ”¥ğŸ”¥ğŸ”¥ğŸ˜ğŸ˜ğŸ˜ğŸ˜ğŸ˜ğŸ˜ğŸ˜ğŸ˜ğŸ˜ğŸ˜ğŸ˜ğŸ˜ğŸ˜ğŸ˜ğŸ˜ğŸ˜ğŸ˜ğŸ˜ğŸ˜ğŸ”¥ğŸ”¥ğŸ”¥ğŸ”¥ğŸ”¥ğŸ”¥ğŸ”¥ğŸ”¥ğŸ”¥ğŸ”¥ğŸ”¥ğŸ”¥ğŸ”¥ğŸ”¥ğŸ”¥ğŸ”¥ğŸ”¥ğŸ”¥ğŸ”¥ğŸ”¥ğŸ˜ğŸ˜ğŸ˜ğŸ˜ğŸ˜ğŸ˜ğŸ˜ğŸ˜ğŸ˜ğŸ˜ğŸ˜ğŸ˜ğŸ˜ğŸ˜ğŸ˜ğŸ˜ğŸ˜ğŸ˜ğŸ˜ğŸ”¥ğŸ”¥ğŸ”¥ğŸ”¥ğŸ”¥ğŸ”¥ğŸ”¥ğŸ”¥ğŸ”¥ğŸ”¥ğŸ”¥ğŸ”¥ğŸ”¥ğŸ”¥ğŸ”¥ğŸ”¥ğŸ”¥ğŸ”¥ğŸ”¥ğŸ”¥
@its_elka5,@malikadilmurodova @dilmurodovelbek @d_1_l_m_u_r_o_d_o_v @malikadilmurodova @malikaakakn @mali.kad13 @drujbek @mallikaaa13 @mali.kad13 @dilmurodov255ğŸ˜ğŸ˜ğŸ˜ğŸ˜ğŸ˜ğŸ˜ğŸ˜ğŸ˜ğŸ˜ğŸ˜ğŸ˜ğŸ˜ğŸ˜ğŸ˜ğŸ˜ğŸ˜ğŸ˜ğŸ˜ğŸ˜ğŸ”¥ğŸ”¥ğŸ”¥ğŸ”¥ğŸ”¥ğŸ”¥ğŸ”¥ğŸ”¥ğŸ”¥ğŸ”¥ğŸ”¥ğŸ”¥ğŸ”¥ğŸ”¥ğŸ”¥ğŸ”¥ğŸ”¥ğŸ”¥ğŸ”¥ğŸ”¥
@gozzal.ilmuratova90,"Orzularingiz roâ€™yobgağŸ¤©ğŸ¤©ğŸ¤©ğŸ¤©ğŸ¤© chiqishiga,ğŸ‰ğŸ‰ğŸ‰ğŸ‰ğŸ‰ğŸ‘‘ğŸ‘‘ğŸ‘‘ğŸ‘‘ğŸ‘‘ biznesingizğŸ¥³ğŸ¥³ğŸ¥³ğŸ¥³ gullab-yashnashiga ğŸŒğŸŒğŸŒğŸ’¥ğŸ’¥ğŸ’¥ğŸ’¥ğŸ’¥â­â­â­â­â­va oldingizga qoâ€™ygan yuksakğŸ’ªğŸ’ªğŸ’ªğŸ’ªğŸ’ª marralarga erishishingizga tilakdoshmanğŸ™ğŸ™ğŸ™"
@ziy.oosh,@nigor_a185
@muslum.baxtiyarovish,ğŸ™ğŸ™ğŸ™
@paraxatovna_gl,@isko_4222
@soliha_5515,@muzzayana_00 @hadicha_nur571 @amani_07_07 @fotima_033 @_feride__07â¤ï¸
@allohimga_shukur77,@muslima_299 @zolushka__010 @sakina_0550 @samiya_010_ @oyisha_010 â¤ï¸
@rohash_y,@myrella13398 @s.aida8765 @welyssa6543 @welyssa6543 @yullduzchaok_ @elara.4546 ğŸŒ¸ğŸŒ¸ğŸŒ¸ğŸŒ¸ğŸŒ¸ğŸŒ¸ğŸŒ¸ğŸŒ¸ğŸŒ¸ğŸŒ¸ğŸŒ¸ğŸŒ¸ğŸŒ¸ğŸŒ¸ğŸŒ¸ğŸŒ¸ğŸ¤²ğŸ¤²ğŸ¤²ğŸ¤²ğŸ¤²ğŸ¤²ğŸ¤²ğŸ¤²ğŸ¤²ğŸ¤²ğŸ¤²ğŸ¤²ğŸ¤²ğŸ¤²ğŸ¤²ğŸŒ¸ğŸŒ¸ğŸŒ¸ğŸŒ¸ğŸŒ¸ğŸŒ¸ğŸŒ¸ğŸŒ¸ğŸŒ¸ğŸŒ¸ğŸŒ¸ğŸŒ¸ğŸŒ¸ğŸŒ¸ğŸŒ¸ğŸŒ¸ğŸ¤²ğŸ¤²ğŸ¤²ğŸ¤²ğŸ¤²ğŸ¤²ğŸ¤²ğŸ¤²ğŸ¤²ğŸ¤²ğŸ¤²ğŸ¤²ğŸ¤²ğŸ¤²ğŸ¤²
@nargiza_0220_,@hadicha_020 @jannatim_033 @fotima_033 â¤ï¸
@_sadiyah__777,@farzandlarim_bahtim_010 @soliha_909 @muslima_299
@dunyo_dunyo02,@amani_07_07 @safiya_010__ @ziynaat.01
@muslima_299,@mehrimoh_000_ @hadicha_nur571 @doni_717__ â¤ï¸
@shadisha__7575,@sadiya_5515 @leyla_1011__ @samira__02__02
@amani_07_07,@zarina_0330 @muzzayana_00 @zaynab_5515
@mavjudaxon_099,@zarina_0330 @muzzayana_00 @zaynab_5515 â¤ï¸
@muslima_033_,@zaynab_5515 @_usmonova_33 @omadliman_milaya â¤ï¸
@zolushka__010,@ziynaat.01 @hadicha_nur571 @kamila_0220_
@sumaya__055,@ziynaat.01 @hadicha_nur571 @kamila_0220_
@muslima_298,@safiya_sofiya07 @alloh__buyuk571 @samiram__010 @dunyo_dunyo02 @sadiya_5515 â¤ï¸
@miss_77775,@ziynaat.01 @hadicha_nur571 @kamila_0220_
@maryamhon_010,@safiya_sofiya07 @feyyaaaa0 @miss_70_07 @muslima_033_ @nafas_02_02
@elbekkk_dilm,@malikadilmurodova @dilmurodovelbek @d_1_l_m_u_r_o_d_o_v @malikadilmurodova @malikaakakn @mali.kad13 @drujbek @mallikaaa13 @mali.kad13 @dilmurodov255ğŸ˜ğŸ˜ğŸ˜ğŸ˜ğŸ˜ğŸ˜ğŸ˜ğŸ˜ğŸ˜ğŸ˜ğŸ˜ğŸ˜ğŸ˜ğŸ˜ğŸ˜ğŸ˜ğŸ˜ğŸ˜ğŸ˜ğŸ”¥ğŸ”¥ğŸ”¥ğŸ”¥ğŸ”¥ğŸ”¥ğŸ”¥ğŸ”¥ğŸ”¥ğŸ”¥ğŸ”¥ğŸ”¥ğŸ”¥ğŸ”¥ğŸ”¥ğŸ”¥ğŸ”¥ğŸ”¥ğŸ”¥ğŸ”¥ğŸ˜ğŸ˜ğŸ˜ğŸ˜ğŸ˜ğŸ˜ğŸ˜ğŸ˜ğŸ˜ğŸ˜ğŸ˜ğŸ˜ğŸ˜ğŸ˜ğŸ˜ğŸ˜ğŸ˜ğŸ˜ğŸ˜ğŸ”¥ğŸ”¥ğŸ”¥ğŸ”¥ğŸ”¥ğŸ”¥ğŸ”¥ğŸ”¥ğŸ”¥ğŸ”¥ğŸ”¥ğŸ”¥ğŸ”¥ğŸ”¥ğŸ”¥ğŸ”¥ğŸ”¥ğŸ”¥ğŸ”¥ğŸ”¥
@elbekkcc,@malikadilmurodova @dilmurodovelbek @d_1_l_m_u_r_o_d_o_v @dilmurodov255 @dilmu_rodov5 @malikaakakn @mali.kad13 @de79909 @its_elka5 @mallikaaa13 @malicaaaaa5 @drujbek @malikadilmurodovağŸ˜ğŸ˜ğŸ˜ğŸ˜ğŸ˜ğŸ˜ğŸ˜ğŸ˜ğŸ˜ğŸ˜ğŸ˜ğŸ˜ğŸ˜ğŸ˜ğŸ˜ğŸ˜ğŸ˜ğŸ˜ğŸ˜ğŸ”¥ğŸ”¥ğŸ”¥ğŸ”¥ğŸ”¥ğŸ”¥ğŸ”¥ğŸ”¥ğŸ”¥ğŸ”¥ğŸ”¥ğŸ”¥ğŸ”¥ğŸ”¥ğŸ”¥ğŸ”¥ğŸ”¥ğŸ”¥ğŸ”¥ğŸ”¥
@dilmu_rodov5,@malikadilmurodova @dilmurodovelbek @d_1_l_m_u_r_o_d_o_v @dilmurodov255 @dilmu_rodov5 @malikaakakn @mali.kad13 @de79909 @its_elka5 @mallikaaa13 @malicaaaaa5 @drujbek @malikadilmurodovağŸ˜ğŸ˜ğŸ˜ğŸ˜ğŸ˜ğŸ˜ğŸ˜ğŸ˜ğŸ˜ğŸ˜ğŸ˜ğŸ˜ğŸ˜ğŸ˜ğŸ˜ğŸ˜ğŸ˜ğŸ˜ğŸ˜ğŸ”¥ğŸ”¥ğŸ”¥ğŸ”¥ğŸ”¥ğŸ”¥ğŸ”¥ğŸ”¥ğŸ”¥ğŸ”¥ğŸ”¥ğŸ”¥ğŸ”¥ğŸ”¥ğŸ”¥ğŸ”¥ğŸ”¥ğŸ”¥ğŸ”¥ğŸ”¥ğŸ˜ğŸ˜ğŸ˜ğŸ˜ğŸ˜ğŸ˜ğŸ˜ğŸ˜ğŸ˜ğŸ˜ğŸ˜ğŸ˜ğŸ˜ğŸ˜ğŸ˜ğŸ˜ğŸ˜ğŸ˜ğŸ˜ğŸ”¥ğŸ”¥ğŸ”¥ğŸ”¥ğŸ”¥ğŸ”¥ğŸ”¥ğŸ”¥ğŸ”¥ğŸ”¥ğŸ”¥ğŸ”¥ğŸ”¥ğŸ”¥ğŸ”¥ğŸ”¥ğŸ”¥ğŸ”¥ğŸ”¥ğŸ”¥
@malikaakakn,@malikadilmurodova @dilmurodovelbek @d_1_l_m_u_r_o_d_o_v @dilmurodov255 @dilmu_rodov5 @malikaakakn @mali.kad13 @de79909 @its_elka5 @mallikaaa13 @malicaaaaa5 @drujbek @malikadilmurodova
@sh_0_0_4,@dr_ibratjon @elbek_t_z @baxtiyorov.ahror @mirkomil.077 @bekzodbekodiljonov04
@malicaaaaa5,@malikadilmurodova @dilmurodovelbek @d_1_l_m_u_r_o_d_o_v @dilmurodov255 @dilmu_rodov5 @malikaakakn
@muhayyo6192,ğŸ”¥ğŸ”¥ğŸ”¥ğŸ”¥ğŸ”¥ğŸ”¥
@bahora4382,Meni ham tanlang ltimos ğŸ™ğŸ™ğŸ™ğŸ™ğŸ™@star_house_residence
@dadasiniqizi778,ğŸ”¥ğŸ”¥ğŸ”¥ğŸ”¥@nazarov150798 @jora_iz @abdumuminovna.m @amaar_perfume @_rakhimjanzade__001
@shukhratovvvnnaa,@matlyuba215 @_milashkaa___77 @shirinochka111
@dilmurodov255,@malikadilmurodova @dilmurodovelbek @d_1_l_m_u_r_o_d_o_v @malikadilmurodova @malikaakakn @mali.kad13 @drujbek @mallikaaa13 @mali.kad13 @dilmurodov255ğŸ˜ğŸ˜ğŸ˜ğŸ˜ğŸ˜ğŸ˜ğŸ˜ğŸ˜ğŸ˜ğŸ˜ğŸ˜ğŸ˜ğŸ˜ğŸ˜ğŸ˜ğŸ˜ğŸ˜ğŸ˜ğŸ˜ğŸ”¥ğŸ”¥ğŸ”¥ğŸ”¥ğŸ”¥ğŸ”¥ğŸ”¥ğŸ”¥ğŸ”¥ğŸ”¥ğŸ”¥ğŸ”¥ğŸ”¥ğŸ”¥ğŸ”¥ğŸ”¥ğŸ”¥ğŸ”¥ğŸ”¥ğŸ”¥
@mallikaaa13,@mallikaaa13 @malicaaaaa5 @drujbek @malikadilmurodova
@zexra.2022,@miss_yuristka_2022 @guli.16660 @advokat2001 @qirolicha_385 @farishta.006006
@amerika.12222,@miss_yuristka_2022 @guli.16660 @advokat2001 @qirolicha_385 @farishta.006006
@nafas_02_02,@ziynaat.01 @zolushka__010 @muzzayana_00 @asilzoda_010 @mavjudaxon_099 â¤ï¸
@sakina_0550,@mehrimoh_000_ @alloh__buyuk571 @miss_70_07  @_feride__07 @fotima_oyishağŸ”¥ğŸ”¥
@safiya_salihova_,@muslima_299 @zolushka__010 @sakina_0550 â¤ï¸
@sumaya_5115,@oyisha_010 @yasmina_1011_ @mehrimoh_000_ğŸ”¥
@zaynab_5515,@safiya_010__ @safiya_sofiya07 @miss_77775 ğŸ”¥
@subhanallohi_vabihamdihi571,@oyisha_010 @yasmina_1011_ @mehrimoh_000_@doni_717__ @zaynab_5515 @rayona444
@ubaydullayev_______277777,@myrella13398 @s.aida8765 @welyssa6543 @welyssa6543 @yullduzchaok_ @elara.4546 @gulijon_3334 @yulya_727 @moxiya202
@karima_155,@doni_717__ @zaynab_5515 @rayona444â¤ï¸
@safiya_010__,@oyisha_010 @yasmina_1011_ @mehrimoh_000_â¤ï¸
@hadicha5711,@fozi_sami_027 @samira__02__02 @osiyo_osiyo_001 â¤ï¸
@amani_arabiya,@muzzayana_00 @hadicha_nur571 @amani_07_07 @fotima_033 @_feride__07
@madina_bintu07,@muslima_299 @zolushka__010 @sakina_0550 @samiya_010_ @oyisha_010
@safina__8888,@muzzayana_00 @hadicha_nur571 @amani_07_07 @fotima_033 @_feride__07â¤ï¸
@hadicha_9919,@sumaya_2999 @muslima_298 @karima_155
@asilzoda_010,@fozi_sami_027 @samira__02__02 @osiyo_osiyo_001 â¤ï¸
@_feride__07,@mehrimoh_000_ @hadicha_nur571 @doni_717__
@nodira1982_studentka,@nilufar_makhsetova @holisovainobat @holisovainobat @islomphoto_ @holisovainobat
@abdullayev_5525,@jaxongir1465 @sherzodjurayev020 @shamshod_uralov @rakhmonov_gp @xxusan1
@elbekcjks,@malikadilmurodova @dilmurodovelbek @d_1_l_m_u_r_o_d_o_v @malikadilmurodova @malikaakakn @mali.kad13 @drujbek @mallikaaa13 @mali.kad13 @dilmurodov255ğŸ˜ğŸ˜ğŸ˜ğŸ˜ğŸ˜ğŸ˜ğŸ˜ğŸ˜ğŸ˜ğŸ˜ğŸ˜ğŸ˜ğŸ˜ğŸ˜ğŸ˜ğŸ˜ğŸ˜ğŸ˜ğŸ”¥ğŸ”¥ğŸ”¥ğŸ”¥ğŸ”¥ğŸ”¥ğŸ”¥ğŸ”¥ğŸ”¥ğŸ”¥ğŸ”¥ğŸ”¥ğŸ”¥
@aliya0518a,Baraka topinglar ğŸ™ŒğŸ™ŒğŸ™ŒğŸ™ŒğŸ™ŒğŸ”¥ğŸ”¥ğŸ”¥ğŸ”¥ğŸ”¥ menga ham yutish nasib qilsin.
@rvq_76,@key_7776 @miss.seva_o4 @rvq_76 @lanee_1412
@samira__02__02,@amani_07_07 @safiya_010__ @ziynaat.01
@fotima_oyisha,@ziynaat.01 @zolushka__010 @muzzayana_00 @asilzoda_010 @mavjudaxon_099
@alloh__buyuk571,@mehrimoh_000_ @hadicha_nur571 @doni_717__ â¤ï¸
@oyisha_010,@hadicha_020 @jannatim_033 @fotima_033 â¤ï¸
@hadicha_020,@safiya_sofiya07 @alloh__buyuk571 @samiram__010 @dunyo_dunyo02 @sadiya_5515
@nuriya__7777,@mehrimoh_000_ @hadicha_nur571 @doni_717__  @amani_07_07 @safiya_010__
@fozi_sami_027,@hadicha_020 @jannatim_033 @fotima_033
@muzzayana_00,@safiya_sofiya07 @feyyaaaa0 @miss_70_07 @muslima_033_ @nafas_02_02
@dil_gavharimm,@ummu_mustafa__ @faxriddinovna_1229 @2oo6_guli @1.qaysargina_qiz_ @dildoraxon_2
@umiri_shox,@marufbek_7777777 @olimzoda_88888 @sanobar_7400 @muhlisaxon_xon @usmanova_727 @xojaqulovaoydin7
@murodov_abdurahim6,@asadbekmashrabovv @asadbek__o18 @abdulazizovich_m27 @umidceek_off_ @javoxirmuxirboyev
@mahicha_demirova,@_marufjon__555__777__ @masturaxon_1978 @_odilovna_02.06 @_marufjon__555__777__ @masturaxon_1978 @_odilovna_02.06
@annur_nurim,@rohash_y @lotus_96_97 @yulduzchaok @myrella13398 @s.aida8765 @welyssa6543  @yullduzchaok_ @elara.4546 ğŸ¥°
@zuhra_furqatova,@myrella13398 @s.aida8765 @welyssa6543 @welyssa6543 @yullduzchaok_ @elara.4546 ğŸ¤²ğŸ¤²ğŸ¤²ğŸ¤²ğŸ¤²ğŸ¤²ğŸ¤²ğŸ¤²ğŸ¤²ğŸ¤²ğŸ¤²ğŸ¤²ğŸ¤²ğŸ¤²ğŸ¤²ğŸ¤²ğŸ¤²ğŸ¤²ğŸ¤²ğŸ¤²ğŸ¤²ğŸ¤²ğŸ¤²ğŸ¤²ğŸ¤²ğŸ¤²ğŸ¤²ğŸ¤²ğŸ¤²ğŸ¤²
@usmonim_qorim,@muhlisaxon_xon @usmanova_727 @xojaqulovaoydin7 @marufbek_7777777 @olimzoda_88888 @sanobar_7400 @muhlisaxon_xon @usmanova_727 @xojaqulovaoydin7
@muratovna_mahsuna,@muhlisaxon_xon @usmanova_727 @xojaqulovaoydin7 @marufbek_7777777 @olimzoda_88888 @sanobar_7400 @gulijon_3334 @yulya_727 @moxiya202
@mahsunim_production,@nuridullayev_f @toxir_muxirboyev @_isroilov_2004 @muraxmatov._ @dilshod199029
@ikromovv_721,@571_ikhromov @shakh_ako_1 @_nab1eff omad ğŸ™Œ
@_milashkaa___77,@shokhistamamutova @tamara_seitanova @shkhrtvna___
@jasper08081988,@bunyodovich @qudratova5 @blitz_402 @oibekabdunazarovich @james_rodriguez____10___
@yu.lduz_5619,@muhlisaxon_xon @usmanova_727 @xojaqulovaoydin7 @gulijon_3334 @yulya_727 @moxiya202 @marufbek_7777777 @olimzoda_88888 @sanobar_7400
@de79909,@malika__dilmurodova @dilmurodov__elbek @d_1_l_m_u_r_o_d_o_v @dilmurodov255 @dilmu_rodov5 @malikaakakn @mali.kad13 @de79909 @its_elka5 @mallikaaa13 @malicaaaaa5 @drujbek @malikadilmurodova
@malikadilmurodova,@malikadilmurodova @dilmurodovelbek @d_1_l_m_u_r_o_d_o_v @malikadilmurodova @malikaakakn @mali.kad13 @drujbek @mallikaaa13 @mali.kad13 @dilmurodov255
@mil_a77.77,@nururli93 @gulbanukushmanova @kara9797.97 @sabi.aristanova @gulmira.akbergenova ğŸ™
@doston.saburov,@doston_0604 @_polatov_b @motivationz.ai @bmw @isyam.aa @englishwithsch
@fakhriddin.davronov.9,@only_stright @bakht1yorov_82018 @_togayev_29 @nodirbek_abdullayev_4 @mukhtorov_01_03
@asliddin23.09,@_sarvarbek__00 @murod.bek1007 @axmadov_sirojiddin @lion_king120023 @nrllv._ @lion_king120023
@_sarvarbek__00,@xol_monov @sardor__xolmonov__00 @omonturdiyevislombek @1_xolmonov_2000 @1_xolmonov_05
@seay23423,@renessans._51_23_grup . @botir__shavkatov @_kurash_48_kg @djurabekova83 @maralim_005_
@mehrimoh_000_,@zarina_0330 @mavjudaxon_099 @miss_70_07
@zayniddinsaydullayev,@khursanaliyev1 @jonibek_mamatkulov_ @dr_erkinjonovich @jaxongir_baxodirov04 @akbarshoh_0063
@_dr.rustamovich_,@bakhtiyarov_oo4 @khursanaliyev1 @firdavsbek_nosirjonov @oktamovsherxon1 @shohjahon.amriyev @dc.athamjon_
@akba.r0717,@bobodjanovbunyod @b1lliboy @arestovan_za_narkotiki @khusainov_a_ @duschanovab
@timurtimur1981,â¤ï¸â¤ï¸â¤ï¸â¤ï¸
@cshustr,@ooz_7_ @diiyorr_001 @_d1y0r_arabian_1 @madrakhimoff_17 @_khusan_571
@abdivahob__avgan,@xakimov__uzz @avazbekk___ @shukurov_5477 @nurullayev_uchqun @_mirobidov_mirsaid_ @ogabek_005_02
@xsv_725,@ism4nov @diyorbek_5004 @kholikov_01s @abdivahob__avgan
@kholikov_01s,@d1yorbek_orazov @xsv_725 @sayfiyev_762s @musurmon_876 @vahobjon_11
@only_4hx,@seay23423 @renessans._51_23_grup @djurabekova83 @madina_shuxratovvna @ergashov1na_sh
@xurshidbek_live,@bek04_09 @adhamov_officall @xasanboyev.05 @tohir_270904 @ayiq_853 @satimova_m.07
@fatimoonrise,ğŸ”¥ğŸ”¥ğŸ”¥ğŸ”¥ğŸ”¥ğŸ”¥ğŸ”¥ğŸ”¥ğŸ”¥ğŸ”¥ğŸ”¥ğŸ”¥ğŸ”¥ğŸ”¥ğŸ”¥ğŸ”¥ğŸ”¥ğŸ”¥ğŸ‘ğŸ‘ğŸ‘ğŸ‘ğŸ‘ğŸ‘ğŸ‘ğŸ‘ğŸ‘ğŸ‘ğŸ‘ğŸ‘ğŸ‘ğŸ‘ğŸ‘
@xasanboyev.05,@farmatsevt_bola @sadriddinboy_oka @xurshidbek_live @_1lyos_17 @818_zcb
@zilol_ashokirovna,@Bekmurodov Nuriddin
@yurakim2300,@seay23423 . @only_4hx . @_djorabekovna_ @eronova_maqsuda_ @sevinch_judo_48_kg
@oralbaev002,@oligarkh056 @zinatdinov19.92 @rozimovrakhat @saparov___063 @hektor.0095
@roz1qjonov_,@jasurbek_rajabaliev @khasan__a_ @yoldashevv_s7 @b.ekzod_ @_rakhimberdiyev_
@shaukat.oralbaev,@oralbaev002 @islam_bayniyazov @gapurov61
@leyla1m11,ğŸ˜ğŸ˜ğŸ˜
@alfredo_rakhmatov,ğŸ”¥ğŸ”¥ğŸ”¥
@ummu_poshsha7,Repost qildimm
@sabirova.malika,@estellle__o03
@tanlov.videola,@iam.ibraaaa @gorlok.tashkent @ibra_workout
@ibra_stream,@iam.ibraaaa @gorlok.tashkent @ibra_workout
@animatsiyaolami,@iam.ibraaaa @ibra_workout @tanlov.videola
@suhrobbek_erkinov,@muhammadqodir_0906 @alijonov_ibrohimjon0250 @asibeyoffica1 @shavkat_quldashev @aruziboev_
@dr_nodirshoh,@davolash24_32 @dr_yusuf_06 @yunusxon_05 @jakhongir.alijonov @sariqbolame @kom1ljan0vna
@yunusxon_05,@dr_nodirshoh @adhamjon_oo6_ @yakubov_9882 @botirjonov_muhammadsodiq @yunusxonmarufxonov4 @_afu_21_
@s.mus1im,@saydullayev_02_07 @nova__1207 @rahmatullayev_damir_07_10 @d1yor.cs @mahmud.25.08
@odd1y_inson_19,@odinasaydaliyeva @mun1sa_xm @odd1y_1nson_19 @odd1y_inson_19
@your_usmanov_,@dilshodbek_violin @jahon_272_ @umid_ahmadovich @saminjon.shamsiddinov.2025 @ozod____77 @guli_0797_
@bunyodjust,@mirzabek.turgunbayev @akhmaddiyor @yaxinoov_01 @dilxayotmirsharofov @umid.2805 @_rustam_xann
@temur.baltabayev,@295.mehrobb @ruslanov.082 @doston.saburov @ibrgmvvv_u @_amatoff_07
@aolyonka_,@zarina.islom @davletova_dinora_sharafovna @_1abdullayevaa
@choriyevcc,@_fayziev16 @muzaffarov1ch_r @norbek__me @ahrorbek_1807
@az1zvine,@31laz1z @foziljon_84_87 @maruf_ibn_orifjon ğŸ”¥
@dilmurod_00.98,ZoÊ»r
@nuraliyev0098,Omad
@doniyor.nasirov_,Ğ£ÑÑ‚Ğ° Ğ¸ÑˆĞ»Ğ°Ñ‚Ğ¸Ğ± Ğ¾Ğ¹Ğ»Ğ¸Ğº Ğ±ĞµÑ€ÑĞ°Ğ»Ğ°Ñ€Ğ¸Ğ½Ğ³ ÑƒĞ»Ğ°Ñ€ Ò³Ğ°Ğ¼ Ñ„Ğ°Ñ€Ğ·Ğ°Ğ½Ğ´Ğ»Ğ°Ñ€Ğ¸Ğ½Ğ¸ ĞºĞ¾Ğ½Ñ‚Ñ€Ğ°ĞºÑ‚ Ğ¿ÑƒĞ»Ğ»Ğ°Ñ€Ğ¸Ğ½Ğ¸ Ñ‚ÑĞ»Ğ°Ñ€Ğ´Ğ¸.
@ay.gull0328,@musa.madreym @tolik.turdimuratov @muratovnaysuliw__
@gulmira.887,ğŸ™ğŸ™ğŸ™ğŸ™ğŸ™
@saamisnotdead,@xurshidov7c_o7 @ramazanov_n_1 @abdvezzz @iamazz71
@farishtam.1737,ğŸ™ŒğŸ™ŒğŸ™Œ
@muhammadnur121220220,@bahodirjumayev @dildora_best @aliyev___7000 @shokh.akefx777 @qudratova5
@gaznibosuzbek,@aisha06_96 @guli.nur.7 @studentkaa3110
@aisha06_96,"BarchağŸ¤©ğŸ¤©ğŸ¤© yaxshi niyatlarizga etishibğŸ¥°ğŸ¥°ğŸ¥°ğŸ¥° yuringğŸ•‹ğŸ•‹ğŸ•‹ğŸ•‹ğŸ•‹ Har doimğŸ‘‘ğŸ‘‘ğŸ…ğŸ… martabangiz bundanda ulug bolsin,ğŸ¥‡ğŸ¥‡ğŸ¥‡ğŸ¥‡ğŸ…ğŸ…ğŸ…ğŸ…izzatda hurmatda obroda boling.ğŸ‘‘ğŸ‘‘ğŸ‘‘ğŸ‘‘ğŸ‘‘ğŸ‘‘
Farzandlarlaringiz ğŸ‘ğŸ‘ğŸ‘har diom sizgağŸ‘¶ğŸ‘¶ğŸ‘§ğŸ‘§ğŸ§’ğŸ§’ğŸ™ğŸ™ğŸ™ raxmat hurmat obro etibor olib keladigan bolishsin.ğŸ•‹ğŸ•‹ğŸ•‹ğŸ•‹ğŸ•‹ğŸ•‹
Ota-onangizni umrlarigağŸ’ªğŸ’ªğŸ’ªğŸ’ªğŸ’ª Allohim umr
sogliklariga ğŸ˜‡ğŸ˜‡ğŸ˜‡ğŸ˜‡soglik qoshsin.ğŸ’ƒğŸ’ƒğŸ’ƒğŸ¤©ğŸ¤©ğŸ¤©ğŸ¤©ğŸ’ƒğŸ’ƒ
Bundan yukori ğŸ’¯ğŸ’¯ğŸ’¯ğŸ’¯ğŸ’¯ğŸ’œğŸ’œğŸ’œğŸ’œchoqqilarniğŸ’¥ğŸ’¥ğŸ’¥ğŸ’¥ğŸ’¥ zabt etib,olga qadamâœŠâœŠâœŠâœŠğŸ‘ğŸ‘ğŸ‘ğŸ‘ğŸ¤ğŸ¤ğŸ¤ğŸ¤ tashlab yuring.ğŸŠğŸŠğŸ‰ğŸ‰ğŸ‰ğŸŒğŸŒğŸŒ"
@_rika232019m,@rumiyanurmatova @saidumarms @karina1996
@nozaa__gulnoza26,@dildora_best @shaxnozka_123 @karimovna.u
@sevaa_mukhammedjanova,@milanka__333 @tvoyaa_prinsessa @lola_khudoyberdiyevna
@ik.xa__,@milanka__333 @tvoyaa_prinsessa @lola_khudoyberdiyevna
@zulxumor1312,@faxriddinovna_1229 @malak_292m @dildoraxon_2 @jannatgulim_29 @ummu_mustafa__
@abdullaevaa_8893,@handmadeby_muslima @makkah_oo
@mashaallah_9400,@mehroj.offical @kolorist_browist @akbarovichyusuf @istamov321
@gulinur_402,Bravo ğŸ˜ super ğŸ˜
@studentkaa3110,Super ğŸ˜
@sevinchme_ngaliyeva_005,ğŸ˜ğŸ˜ğŸ˜ğŸ˜ğŸ˜ğŸ˜ğŸ˜ğŸ˜ğŸ˜ğŸ˜ğŸ˜
@muborakistamova,@munirakurbanova_munya @jamikistamov @jaxa_70.07 @mexri.samadovna @l.saidovnaa @saifidloe
@zuzu.7600,3
@1akmalvnaas,@dilinavoz11
@dilimchik_17,@abdurahmon053 @nazokat8325 @nur9.1.7 @abu_moon222 @aliqulovabinafsha
@milllayaaa_,ğŸ˜ğŸ‘ğŸ‘ğŸ˜
@flamasoull,ğŸ”¥ğŸ”¥
@n_nazirova__,ğŸ™ŒğŸ”¥ğŸ”¥
@marketolog_1312,@dilii_0216 @a__gulsevar @islomjonovagulzoda @r_sobitjonova_ @boxopjonovaferuza
@b.muslim.2106,"Omad hammaga yutish nasiib qilsin ğŸ‘ğŸ‘ğŸ‘ğŸ‘ğŸ‘ğŸ‘ğŸ‘ğŸ‘ğŸ‘ğŸ‘ğŸ‘ğŸ‘ğŸ‘
Omad hammaga yutish nasiib qilsin 
ğŸ‘ğŸ‘ğŸ‘ğŸ‘ğŸ‘ğŸ‘ğŸ‘ğŸ‘ğŸ‘ğŸ‘ğŸ‘ğŸ‘ğŸ‘
Omad hammaga yutish nasiib qilsin Omad hammaga yutish nasiib qilsin Omad hammaga yutish nasiib qilsin Omad hammaga yutish nasiib qilsin Omad hammaga yutish nasiib qilsin Omad hammaga yutish nasiib qilsin Omad hammaga yutish nasiib qilsin"
@feruza_2108_,@1kromovhasan @_diana1801 @___1kromoff___ @zebo.khoon1998 @sobir.jonovna0702
@kholov_sanjar82,@bakhod1rov.712
@gulhayo_ibroximjon,@ibrohimjonmamirov055 @ibrohimgulhayo21 @udachnaya_devochka @gulhayo_ibroximjon
@gulnaz9191gg,"ĞĞ»Ğ»Ğ¾Ò³Ğ¸Ğ¼ ÑƒĞ¼Ñ€Ğ¸Ğ½Ğ³Ğ¸Ğ·Ğ³Ğ° Ğ¼Ğ°Ğ·Ğ¼ÑƒĞ½,ğŸ’ƒğŸ’ƒğŸ’ƒğŸ’ƒğŸ’ƒğŸ’ƒ Ñ€Ğ¸Ğ·Ò›Ğ¸Ğ½Ğ³Ğ¸Ğ·Ğ³Ğ° Ğ±Ğ°Ñ€Ğ°ĞºĞ°,ğŸ¥³ğŸ¥³ğŸ¥³ğŸ¥³ğŸ¥³ğŸ¥³ğŸ¥³ Ñ‚Ğ°Ğ½Ğ¸Ğ½Ğ³Ğ¸Ğ·Ğ³Ğ° ÑĞ¾Ò“Ğ»Ğ¸Ğº,ğŸ’ªğŸ’ªğŸ’ªğŸ’ªğŸ’ªâœŠâœŠâœŠğŸ’ª Ñ€ÑƒÒ³Ğ¸Ğ½Ğ³Ğ¸Ğ·Ğ³Ğ° Ğ¾ÑĞ¾Ğ¹Ğ¸ÑˆÑ‚Ğ°Ğ»Ğ¸Ğº, ğŸ˜‡ğŸ˜‡ğŸ˜‡ğŸ˜‡ğŸ˜‡Ò›Ğ°Ğ»Ğ±Ğ¸Ğ½Ğ³Ğ¸Ğ·Ğ³Ğ° Ñ…Ğ¾Ñ‚Ğ¸Ñ€Ğ¶Ğ°Ğ¼Ğ»Ğ¸Ğº,ğŸ¥°ğŸ¥°ğŸ¥°ğŸ¥°ğŸ¥°ğŸ¥° Ğ¾Ğ¸Ğ»Ğ°Ğ½Ğ³Ğ¸Ğ·Ğ³Ğ° Ñ„Ğ°Ğ¹Ğ·Ñƒ Ğ±Ğ°Ñ€Ğ°ĞºĞ¾Ñ‚,ğŸ‘©â€â¤ï¸â€ğŸ‘¨ğŸ‘©â€â¤ï¸â€ğŸ‘¨ğŸ‘©â€â¤ï¸â€ğŸ‘¨ğŸ‘©â€â¤ï¸â€ğŸ‘¨ğŸ‘©â€â¤ï¸â€ğŸ‘¨ğŸ’ğŸ’ğŸ’ğŸ’ğŸ’ ÑĞ¾Ò“-Ğ¾Ğ¼Ğ¾Ğ½Ğ»Ğ¸Ğº Ğ°Ñ‚Ğ¾ Ò›Ğ¸Ğ»ÑĞ¸Ğ½ğŸ™ğŸ™ğŸ™ğŸ™ğŸ™ğŸ‘ğŸ‘ğŸ‘ğŸ‘ğŸ‘ğŸ‘ğŸ‘‘ğŸ‘‘ğŸ‘‘ğŸŒğŸŒğŸŒ"
@goxamusaeva08,"ĞÑƒĞ´Ğ¸Ğ¾Ñ‚Ğ¾Ñ€Ğ¸ÑĞ½Ñ‹Ğ· Ğ°ĞºÑ‚Ğ¸Ğ²Ğ½Ñ‹Ğ¹ Ğ±Ğ¾Ğ»ÑÑ‹Ğ½.ğŸŒŸâ¤ï¸ğŸ”¥
Ğ˜Ğ½ÑÑ‚Ğ° Ğ¿Ğ¾Ğ´Ğ¿Ğ¸ÑÑ‡Ğ¸ĞºĞ»ĞµÑ€Ğ¸Ğ½Ğ¸Ğ· Ğ¼Ğ»Ğ½ Ğ±Ğ¾Ğ»ÑÑ‹Ğ½ â¤ï¸
ĞšĞ¾Ğ½Ñ‚ĞµĞ½Ñ‚Ğ»ĞµÑ€Ğ¸Ğ½Ğ¸Ğ· ÑĞºÑĞ»ÑĞ·Ğ¸Ğ²Ğ»Ğ¸ ğŸŒŸâ¤ï¸ğŸ”¥
ĞšĞ¾Ğ¼Ğ¼ĞµĞ½Ñ‚Ğ°Ñ€Ğ¸ÑĞ»Ğ°Ñ€Ğ¸Ğ½Ğ¸Ğ· Ğ¿Ğ¾Ğ·Ğ¸Ñ‚Ğ¸Ğ²Ğ½Ñ‹Ğ¹ Ğ±Ğ¾Ğ»ÑÑ‹Ğ½
Ğ›Ğ°Ğ¹ĞºĞ»ĞµÑ€Ğ¸Ğ½Ğ¸Ğ· Ğ¶ÑƒĞ»Ğ´Ñ‹Ğ·Ğ´Ğ°Ğ¹.â¤ï¸ğŸŒŸğŸ’¯ğŸ”¥
Ğ Ğ¸Ğ»ÑĞ»ĞµÑ€Ğ¸Ğ½Ğ¸Ğ· ÑƒĞ°Ñƒ Ğ±Ğ¾Ğ»ÑÑ‹Ğ½.â¤ï¸ğŸ‰ğŸŒŸâ­ğŸ”¥
ĞŸÑ€Ğ¾ÑĞ¼Ğ¾Ñ‚Ñ€ Ğ±Ğ¾Ğ¼Ğ±Ğ° Ğ±Ğ¾Ğ»ÑÑ‹Ğ½.ğŸ”¥â­ğŸŒŸâ¤ï¸ğŸ’¯ğŸ‰
ĞšĞ»Ğ¸ĞµĞ½Ñ‚Ğ»ĞµÑ€Ğ¸Ğ½Ğ¸Ğ· ĞºĞ¾Ğ¿ Ğ±Ğ¾Ğ»ÑÑ‹Ğ½.â¤ï¸ğŸŒŸğŸ‰â­ğŸ’¯
Ğ˜Ğ´ĞµÑĞ»Ğ°Ñ€Ğ¸Ğ½Ğ¸Ğ· Ğ·Ğ¾Ñ€ Ğ±Ğ¾Ğ»ÑÑ‹Ğ½.ğŸ’ƒğŸ’ƒâ¤ï¸ğŸ”¥ğŸŒŸ
Ğ¢Ğ°Ğ±Ñ‹ÑĞ»Ğ°Ñ€Ğ¸Ğ½Ğ¸Ğ· Ğ¼Ğ»Ğ½ Ğ´Ğ¾Ğ»Ğ»Ğ°Ñ€ Ğ±Ğ¾Ğ»ÑÑ‹Ğ½.ğŸ’°ğŸ’µğŸ’¸"
@farzandlarim_bahtim_010,@nozima_7117 @fotima_oyisha @sumaya_2999 @alloh__buyuk571 @miss_77775
@mirjonii,ğŸ”¥ğŸ”¥ğŸ”¥ğŸ”¥ğŸ”¥ğŸ”¥
@saliha.0808,@asilzoda_010 @osiyo_osiyo_001 @rayona444 @yasmina_1011_ @fotima_033
@_musulmanka_272,@shaxnoza26.06 @dilsozkhon__ @sh.lobar.sh
@ulashov.elbek,â¤ï¸â¤ï¸â¤ï¸
@fe.ruza4_8,"@muhlisaxon_xon @usmanova_727 @xojaqulovaoydin7 Ishlaringizga ulkan rivoj tilayman! Sizning mehnatingiz, harakatlaringiz va fidoyiligingizni koâ€˜rib chin dildan qoyil qolaman. Bugungi kunda har bir ishga halol, pok niyat va sidqidildan yondashadigan insonlar juda kam uchraydi, siz esa ana shunday insonlardan birisiz. Siz qilayotgan ish faqatgina moddiy foyda emas, balki atrofdagilarga yaxshi kayfiyat, motivatsiya va ilhom ulashmoqda. Har bir loyihangiz, har bir tashabbusingiz katta yutuqlarga eltishini tilayman. Sizning mashaqqatli mehnatingiz befoyda ketmaydi, buni hayotning oâ€˜zi isbotlaydi.
Har bir kuningiz yangi gâ€˜oya va imkoniyatlarga boy boâ€˜lsin, oldingizda doimo ochiq yoâ€˜llar, qoâ€˜lingizda mustahkam poydevor, qalbingizda esa cheksiz ishonch boâ€˜lsin. Ishlaringizda baraka, rejalaringizda izchillik, maqsadlaringizda qatâ€™iyat va sabr boâ€˜lishini soâ€˜rayman. Sizning intilishlaringiz, orzularingiz, niyatlaringiz â€“ barchasi albatta amalga oshadi, chunki siz bunga arziydigan, buning uchun tinimsiz harakat qiladigan insonsiz.
Har bir ish boshlaganingizda omad siz bilan boâ€˜lsin, har bir yoâ€˜lga chiqqaningizda yelkangizda duo boâ€˜lsin. Sizning qilayotgan ishingiz faqat bugungi kun uchun emas, balki kelajak uchun ham mustahkam poydevor boâ€˜lib qoladi. Atrofingizdagi insonlar sizdan oâ€˜rnak olsin, sizning mehnatingizni qadrlasin. Har bir qiyinchilik sizni yanada kuchliroq qilsin, har bir muvaffaqiyat esa sizni yanada yuqoriga olib chiqqin.
Doimo sogâ€˜-salomat boâ€˜ling, chunki sogâ€˜liq â€“ bu eng katta boylik. Har bir tongingiz quvonchli, har bir kechangiz tinch va hotirjam oâ€˜tsin. Ishlaringizda shunday yutuqlarga erishingki, ularni sanashga qoâ€˜llaringiz yetmasin, yozishga varaqlar kamlik qilsin. Sizga faqatgina eng yaxshi mijozlar, eng toâ€˜gâ€˜ri hamkorlar va eng sodiq doâ€˜stlar nasib etsin.
Sizni hamisha yangi marralar, yangi choâ€˜qqilar kutib tursin. Kelajagingiz yorqin, ishlaringiz sermahsul boâ€˜lsin. Doimo kulib yuring, chunki sizning tabassumingiz ham odamlarni ilhomlantiradi. Sizning qilayotgan mehnatingiz faqat oâ€˜zingizga emas, balki butun jamiyatga foyda olib kelmoqda. Shunday ekan, hech qachon toâ€˜xtamang, harakatda boâ€˜ling, oldinga intiling!"
@ledy.2409,@shaxnozka_123 @zukhramirzabaeva @aisha_121424
@dilnazz91.91,"Omad hammaga yutish nasiib qilsin ğŸ‘ğŸ‘ğŸ‘ğŸ‘ğŸ‘ğŸ‘ğŸ‘ğŸ‘ğŸ‘ğŸ‘ğŸ‘ğŸ‘ğŸ‘
Omad hammaga yutish nasiib qilsin 
ğŸ‘ğŸ‘ğŸ‘ğŸ‘ğŸ‘ğŸ‘ğŸ‘ğŸ‘ğŸ‘ğŸ‘ğŸ‘ğŸ‘ğŸ‘
Omad hammaga yutish nasiib qilsin Omad hammaga yutish nasiib qilsin Omad hammaga yutish nasiib qilsin Omad hammaga yutish nasiib qilsin Omad hammaga yutish nasiib qilsin Omad hammaga yutish nasiib qilsin Omad hammaga yutish nasiib qilsin"
@ay_isha2024,@muhabbatim1801 @guli.guli2424 @beu_tifylly @farishtam141224 @farishtam141224
@_x.m.a.10,@hijamabio @asll_restaurant @akhmad_sharifzodaa @murod_r1ch @anvar_temir0v @ulugbekhon
@bobur_shox2021,@kimelena915 @shax.bozakbarov @gulim046404
@rayyow.esli,@laayliikhan @baby.farangiz1 @14.05.zz
@bexruzchik1011,@dilinavoz11 @musfira_9814 @bobur_shox2021
@munisa1506m,@alimbetova_raushan
@osiyo_xon02,ğŸ”¥ğŸ”¥
@gul.nozaxon0909,â¤ï¸â¤ï¸â¤ï¸â¤ï¸
@mirzaboyeva__gulnoza,ğŸ˜ğŸ˜ğŸ˜
@xanifa_888_,@safiya_salihova_ @arabika_o0 @nozima_7117 @milaya033 @alloh__buyuk571
@soliha07255,ğŸ˜
@advokat2001,"@atirgul.2022
@barbie.19999
@gul696969"
@xonzoda00,@sumaya_2999 @hadicha_nur571 @hadicha_020 @farzandlarim_bahtim_010 @sumaya_2999
@mumtoza_bintu,@muslima_033_ @yasmina_1011_ @samira__02__02 @alloh__buyuk571 @muslima_298
@anora_bahriddinovna,@malohatxonboboyeva @madiish777 @muniba_isoqjanovna
@_miss_maliika_,@senzora_rahimova_ @shahzoda11_26 @mamatova_j_99
@qonun.uz15,@guli.16660 @advokat2001 @miss_yuristka_2022
@happy_mom_dilka,@as_sabr.jameel @gu.nesh.92 @dil_ikromova @la.rahata.fid.dunya_1111 @aishakhumayro
@miss.yuristka_2022,"@atirgul.2022
@barbie.19999
@gul696969
@model.qiz.0004
@munchoq.211"
@gaffarovasadoqat,@zuhra.gafforova @fotimasuvonqulova @nilufarberdinazarova @dilya_sh_t1312 @azizbekzafarovich01
@zebo.khoon1998,@rahmatjon995 @lavanda___2 @muhabbatim1801
@bekzodovich_t,@ilayda.liliya @aishakhumayro @my_love_.my_family @akmalovna560 @nahanova___x
@studentka.20222,"@atirgul.2022
@barbie.19999
@gul696969"
@shuxratov_muhammadamin,@ilayda.liliya @aishakhumayro @my_love_.my_family @akmalovna560 @nahanova___x
@guli1994.11,@fayzullayeva.shirin @lavanda___2 @ay_isha2024 @aisha_121424 @latipovasitor
@fiona_11_10,@ilayda.liliya @aishakhumayro @my_love_.my_family @akmalovna560 @nahanova___x
@no_one_is_forever_1994,@ilayda.liliya @aishakhumayro @my_love_.my_family @akmalovna560 @nahanova___x
@ummu_mustafa__,@kozmunchoq7030 @zulxumor1312 @baxtli_onaman_ @dil_gavharimm @bu_maryam_090
@azizaxon.19933,@guli.16660 @advokat2001 @miss_yuristka_2022
@three_brothers_uz,@ilayda.liliya @aishakhumayro @my_love_.my_family @akmalovna560 @nahanova___x
@jannatgulim_29,@malak_292m @dildoraxon_2 @faxriddinovna_1229 @dil_gavharimm @qor_malikasi_050
@shuk_rona1190,@surobjonova_sabriina@milaya_11_19 @armonim_4343
@kapriznaya_1990,@ilayda.liliya @aishakhumayro @my_love_.my_family @akmalovna560 @nahanova___x
@f_e_i_z_a_,@ilayda.liliya @aishakhumayro @my_love_.my_family @akmalovna560 @nahanova___x
@habibi_9498,@naima_kety @zebo_6668 @polatova.zi
@z_i_z_i_xan,@ilayda.liliya @aishakhumayro @my_love_.my_family @akmalovna560 @nahanova___x
@as_sabr.jameel,@ilayda.liliya @aishakhumayro @my_love_.my_family @akmalovna560 @nahanova___x
@tangem.2022,@guli.16660 @advokat2001 @miss_yuristka_2022
@baby_nasibaxon,@dilinavoz11 @guli.guli2424 @sobit_polatov1958
@luna_bloom_77,@as_sabr.jameel @gu.nesh.92 @dil_ikromova @la.rahata.fid.dunya_1111 @aishakhumayro
@aziza.12222,"@qirolicha.385
@jurnalist1278
@gulim.5258
@miss.baby.2022
@amerika.12222"
@deniz.uz44,@as_sabr.jameel @gu.nesh.92 @dil_ikromova @la.rahata.fid.dunya_1111 @aishakhumayro
@baxtli_onaman_,@dil_gavharimm @kozmunchoq7030 @nurli_malak_ @malak_292m @jannatgul_99
@miss_chayon01,@habibim0211 @farangiss02 @dilinavoz11
@miss_70_07,@oyisha_010 @yasmina_1011_ @mehrimoh_000_ @yasmina_1011_ @milana__0200
@mal1ka_413,@oisham.11 @gulim__0464 @mamutovich_s
@feruza_siddikovaa,@muxammadjanovna_j @janona_muxammadjanovna_1999 @xonzoda_gulzoda
@omadliman_7_7_7,@as_sabr.jameel @happy_mom_dilka @gu.nesh.92 @dil_ikromova @la.rahata.fid.dunya_1111
@mustafoning_onasi_,@zulxumor1312 @dil_gavharimm @jannatgulim_29 @dildoraxon_2 @nurli_malak_
@shuxratov_abdulloh_,@as_sabr.jameel @happy_mom_dilka @omadliman_7_7_7 @gu.nesh.92 @dil_ikromova
@zebo.668,@mirzabayeva24 @baby.farangiz1 @beu_tifylly
@shuxratov_temurshoh_,@as_sabr.jameel @happy_mom_dilka @omadliman_7_7_7 @gu.nesh.92 @dil_ikromova
@sevse_m555,ğŸ”¥ğŸ”¥
@omadli_qiz_0606,@guli.16660 @advokat2001 @miss_yuristka_2022
@gayratovnaa_zz,@baby.farangiz1 @lunaaa__z @rayyow.esli
@gulitajimuratova2,@advokat.bola.2001
@yesmine0077,@as_sabr.jameel @happy_mom_dilka @omadliman_7_7_7 @gu.nesh.92 @dil_ikromova
@94gu_lrux,@gulrux1994.31 @xoniyat8 @akbarchik_12 @gulrux1994.31 @gulim046404
@1.tm_94,@shuxratov_abdulloh_ @dil_ikromova @navoiy_makler @qonuniy_gaplashamiz @abdu_cheek1
@sun.shine232425,@as_sabr.jameel @happy_mom_dilka @omadliman_7_7_7 @gu.nesh.92 @dil_ikromova
@miss_yuristka_2024,ğŸ™Œ
@aronlid_1994,@as_sabr.jameel @happy_mom_dilka @omadliman_7_7_7 @gu.nesh.92 @as_sabr.jameel
@ummumuslima_106,@surobjonova_sabriina@milaya_11_19 @armonim_4343
@faxriddinovna_1229,@dil_gavharimm @jannatgul_99 @bu_maryam_090 @dildoraxon_2 @nurli_malak_
@r_007711,@itsruyter @rasulkulovvv @rasulkulov7
@holida2636,@gulichka__gulichka.1374 @mirzaboyeva__gulnoza @gulrux1994.31
@baxt.kaliti.2022,"@qirolicha.385
@jurnalist1278
@gulim.5258
@miss.baby.2022
@amerika.12222"
@shoxruza_asilxonova,@muxammadjanovna_j @janona_muxammadjanovna_1999 @xonzoda_gulzoda
@jannatgul_99,@bu_maryam_090 @jannatgulim_29 @dildoraxon_2 @mustafoning_onasi_ @nurli_malak_
@mukhayyohon_,@habibim0211 @osiyo_xon02 @gulola092
@tabassum.22222,"@atirgul.2022
@barbie.19999
@gul696969"
@hddkd55,@gafur_902 @mirzaboyeva__gulnoza @xurshida_0626
@istamova_nasiba23,@baby.farangiz1 @habibim0211 @samira_007_leo
@umarov.xondamir18,@muro.djonbexruz @gulichka.uzbechka @a.z.m.f.23 @fotima__1505 @gulnoza_9210
@miss_yuristka_2022,@munchoq.211
@ziyoda_davronbekova___,@surobjonova_sabriina@milaya_11_19 @armonim_4343
@i_d_a8888,ğŸ™Œ @as_sabr.jameel @happy_mom_dilka @omadliman_7_7_7 @gu.nesh.92 @as_sabr.jameel
@mal.ika0061,@ulugbek4401__ @mirzaboyeva__gulnoza @_gaffurov_17
@sunny_luck_,@as_sabr.jameel @happy_mom_dilka @omadliman_7_7_7 @gu.nesh.92 @as_sabr.jameel
@milana_1008_,@senzora_rahimova_ @shahzoda11_26 @mamatova_j_99
@happy_vibes_only_111,@as_sabr.jameel @happy_mom_dilka @omadliman_7_7_7 @gu.nesh.92 @as_sabr.jameel
@mushtariy_abduxalilovna,@_foodblogermy__home @jasur_janona_ @_11_mamatova_
@farishtam141224,@ilyos055 @xoniyat8 @ledy.2409 @gulichka.1994 @aisha_121424
@kumushim.12222,"@kamoladdin.96
@azizabonu5057
@xorazm.uz2022
@suv_kabi_bul.2022
@onam.3993"
@miss_1_sado,@fotimasuvonqulova @zuhra_gaffarova @berdinazarova.nilufar  @sad
@saman_dar4763,@_ziyowkam_2 @izzatulloh_zokirovv @guli.guli2424
@asmoxon.2024,@as_sabr.jameel @happy_mom_dilka @omadliman_7_7_7 @gu.nesh.92 @as_sabr.jameel
@__qizalogim__,@baxtli_onaman__ @armonim_4343 @mushtariy3017 @milaya_11_19
@______axmadjon,@shaxboz.abduganiyev.97 @_gaffurov_17 @_abdul.xoliq_
@azizbek_uralbaev,@lazizbek_saimov @makhmudovv_bobur @bakht1yorov_ @one.joxa @qilichbek_101 @islomov_.s
@dildoraxon_2,@kozmunchoq7030 @faxriddinovna_1229 @jannatgul_99 @malak_292m @dil_gavharimm
@azizbekzafarovich01,@lazizbek_saimov @nurmnvvv @ob1dovic._ @one.joxa @sunnatullayev_timur
@kozmunchoq7030,@jannatgul_99 @faxriddinovna_1229 @mustafoning_onasi_ @baxtli_onaman_ @malak_292m
@qizim.baxtim.12222,"@kamoladdin.96
@azizabonu5057
@xorazm.uz2022
@suv_kabi_bul.2022
@onam.3993"
@nurli_malak_,@jannatgul_99 @faxriddinovna_1229 @mustafoning_onasi_ @baxtli_onaman_ @malak_292m
@nastinka1194_30,@umarov.xondamir18 @umarov.xondamir18 @zukhramirzabaeva @aisha_121424 @xamrayeva04
@moviy5885,ğŸ‘ğŸ‘ğŸ‘ğŸ‘
@dilya_xonim_909,@malak_292m @dildoraxon_2 @faxriddinovna_1229 @dil_gavharimm @qor_malikasi_050
@tentakcham.13333,"@atirgul.2022
@barbie.19999
@gul696969"
@ritochka_angelochka,@asmoxon.2024 @as_sabr.jameel @omadliman_7_7_7 @asmoxon.2024 @ilayda.liliya
@toshtemirov_b.sh,@asmoxon.2024 @as_sabr.jameel @omadliman_7_7_7 @asmoxon.2024 @ilayda.liliya
@dilka___m,@asmoxon.2024 @as_sabr.jameel @omadliman_7_7_7 @asmoxon.2024 @ilayda.liliya
@ummu_abdulloh_22,@asmoxon.2024 @as_sabr.jameel @happy_mom_dilka @dilka___m @omadliman_7_7_7
@toshtemirova_d_a,@asmoxon.2024 @as_sabr.jameel @happy_mom_dilka @dilka___m @omadliman_7_7_7
@starry_gaze_111,@asmoxon.2024 @as_sabr.jameel @happy_mom_dilka @dilka___m @omadliman_7_7_7
@yesmine00777,@sadiyaadhamqizi @shaxlo5195 @happy_mom_dilka @saraanora2013 @shadymuradowna_dunya
@gu.nesh.92,@asmoxon.2024 @as_sabr.jameel @happy_mom_dilka @dilka___m @omadliman_7_7_7
@la.rahata.fid.dunya_1111,@asmoxon.2024 @as_sabr.jameel @happy_mom_dilka @dilka___m @omadliman_7_7_7
@dil_ikromova,@lola_khudoyberdiyevna @shuxratov_temurshoh_ @gaffarovasadoqat @xidirovax @yesmine0077
@farishta.006006,"@atirgul.2022
@barbie.19999
@gul696969"
@asror.abdumursalov,@abdusaminoovv @ibrohim_.723 @odilrsl @a._nuraliev @_abdumursalov_ ğŸ”¥
@gulzar_damirova98,@kalmenovasvetlana
@aisha_121424,@dilinavoz11 @shaxina8271 @osiyo_xon02 @ikromjonova90 @dilinavoz11
@qoriyigit_______,@marufbek_7777777 @olimzoda_88888 @sanobar_7400
@fotima__1505,@f_sabitova11 @habibim0211 @muro.djonbexruz
@hadicha_nur571,@fozi_sami_027 @samira__02__02 @osiyo_osiyo_001 @samiya_010_ @oyisha_010 â¤ï¸
@_yasmina_5550,@adibaa.zafarovna @cosmetolog_abdullaevaa  @ummu___aishas
@guli73575,"@atirgul.2022
@barbie.19999
@gul696969"
@sobit.polatov6,@thv.thv113 @kamro_n2289 @habibim0211
@sofikoalmaz,@_k_muratovna_ @dilyara____23 @muniramuhamadovna @akhmadalieva0817 @sofii__1000000
@y_yagonam_,@milaya_11_19 @mamatova_j_99 @_11_mamatova_
@ruhshona.7878,"@atirgul.2022
@barbie.19999
@gul696969"
@sssupper_mama,@khotamova_zebiniso_ @polatova.zi @muro.djonbexruz
@suv_kabi_bul.2022,"@atirgul.2022
@barbie.19999
@gul696969"
@pari_____220,"@atirgul.2022
@barbie.19999
@gul696969"
@nozima_7117,@muzzayana_00 @amani_07_07 @fotima_0496 @safiya_010__ @sumaya_2999 â¤ï¸ğŸ”¥
@kivi.kivi.2333,"@atirgul.2022
@barbie.19999
@gul696969"
@zilola.0996,ğŸ˜
@abdullayeva.7900,"@guli.16660
@muslima.018018 
@studentka.20222"
@hasanismoilov55,@_b_gul @mahmudova95_01 @odin_a26
@samira_007_leo,â¤ï¸ @ledy.2409 @khotamova_zebiniso_ @lavanda___2
@gulbanu_zaripovna08,@jobbb_boutiquee
@muslima.018018,"@gulchiroy.003003
@zexra.20222
@miss_yuristka_2022"
@gulchiroy.003003,"@kamoladdin.96
@azizabonu5057
@xorazm.uz2022
@suv_kabi_bul.2022
@onam.3993"
@qudratova5,@jocer8888 @zarinarajabova__ @mavjuda.nazarova77 @qobilovazebo6 @jasurbekaliyev
@ziynaat.01,@oyisha_010 @yasmina_1011_ @mehrimoh_000_ @yasmina_1011_ @milaya033
@bahtli_inson_66,@ravshanooovna_97 @mb___9717 @komila_977
@gulichka.1994,@ay_isha2024 @nastinka1194_30 @94gu_lrux @baby_nasibaxon @gulrux1994.31
@akbarchik_12,@nastinka1194_30 @ilyos055 @gulnoza_9210 @ilyos055 @bexruzchik1011
@ja.hongir.4,@garripotter89 @ilmurodov.597 @umidjon_qassob @qobil1916 @umidboy_omadli_bola @alisher__azimov_
@gudisha_31_11_18,@booba_1997 @mama_v_decrete_1997 @molodaya_mama_bsh
@gulrux1994.31,@farishtam141224 @sobit.polatov6 @ledy.24.08 @ilyos055 @jaxongir1465
@kuchkarova1424,@saidaa_l9  @dilaf_ruzakromova  @ni_gora27833 @rahimov1266.  @_mad1na_l7_
@aliya0919zz,@ezozahon80
@azizaam2024,@khotamova_zebiniso_ @a.z.m.f.23 @gulim2101.m
@kamro_n2289,@xojakbarturabov @_blackpink_blink.11 @sobit.polatov6
@xakimjonovahmadjon,@gulola092 @qizalogim109 @gulim__04___
@xoldor432,@miss_kamo1a_ @milllayaaa_ @muro.djonbexruz
@omadliman8105,@mukaddas2683 @nigina_nz @1_shukhratovvvnnaa
@zubaydullo_0mon,@ilyos055 @thv.thv113 @khatamova.b
@gulim__0464,@1bonu_nur_ @oilam490 @_milawkeeem_
@molodaya_mama_bsh,@booba_1997 @gudisha_31_11_18 @mama_v_decrete_1997
@samiram__010,@safiya_sofiya07 @alloh__buyuk571 @samiram__010 @dunyo_dunyo02 @sadiya_5515 â¤ï¸
@gulichka_uzbechka,@istamova_nasiba23 @yasminam745 @sobir.jonovna0702
@abdullayeva_asala,@zebo.khoon1998 @habibim0211 @habibim0211
@olimjonov.burhon24,@94gu_lrux @ay_isha2024 @aisha_121424 @guli.guli2424 @s.sardor.0
@dildora_best,@abdiyazovanodira_  @gozzal.ilmuratova90  @nazokat_axmedova6  @guli.cha1998  @ubaydullayeva_________
@gavhar5410,@dinar_a5631  @oddiyqizaloq4275 @botirova7171
@sadaff_055,@baby.farangiz1 @f_sabitova11 @habibim0211
@omadliman_milaya,@mehrimoh_000_ @hadicha_nur571 @doni_717__  @amani_07_07 @safiya_010__â¤ï¸
@mehriniso.toxtayeva94,@nigoraxon_urunbayeva @shaxboz__059 @1.d1orbee____ @_jonibek_officcal_ @__sabir03_
@shahlo248145,@sarv_inoz570 @shokirovamadina65 @dur.dona2345
@rustamovna_u26,@dilaf_ruzakromova @lobar.erkkhuzhaeva @ni.lufar1646 @kuchkarova1424 @mustafa.asalcha
@dilaf_ruzakromova,ğŸ”¥ğŸ”¥ğŸ”¥ğŸ”¥ğŸ”¥
@xon_zoda15,@olimjonov.burhon24 @zoluwkaa_09 @aisha_121424 @muro.djonbexruz
@leyla_bonu_,@safiya_sofiya07 @alloh__buyuk571 @samiram__010 @dunyo_dunyo02 @sadiya_5515 â¤ï¸
@soliha_909,@leyla_1011__ @rayona444 @fotima_033 @feyyaaaa0 @sumaya_2999 â¤ï¸
@habibim0211,@naima_kety @zebo_6668 @rahmatjon995 @ikromov.gayrat443 @munisa_ravshanovna___
@muro.djonbexruz,@lavanda___2 @baby_nasibaxon @mirzabayeva24 @sobit_polatov1958 @sobit_polatov1958
@f_sabitova11,@gulnoraturlibekova73 @lavanda___2 @abdieva_saodat @zaxroshka_kudryashka @sheyx.o71 @abdieva_saodat
@muhabbatim1801,ğŸ”¥ğŸ”¥
@guli.guli2424,@dilinavoz11 @a.z.m.f.23 @sami_ya2409
@mirzabayeva24,@sabitovna503 @mamutovich_s @mamutovich_s
@dilinavoz.11,@qizalogim109 @ubayivsardor @gulim046404
@ikromjonova90,@bolajonlarim2025 @habibim0211 @f_sabitova11 @_muhammadjon0305 @mirzaboyeva__gulnoza
@arslanov6509,ğŸ‘ğŸ‘ğŸ‘ğŸ‘ğŸ”¥
@qor_malikasi_050,@zulxumor1312 @jannatgul_99 @malak_292m @baxtli_onaman_ @faxriddinovna_1229
@k0nkurs_uz,@star_house_residence assalomu alaykum haqiqiy talabalar yoki ularning ota-onasi yutsin Konkursmenlarga bermanglar pulini
@abdurozzoqovagulruh041,ğŸ‘ğŸ‘
@happy_lady_2025.05,@shuxratov_muhammadamin @my_love_.my_family @ilayda.liliya @ummu_abdulloh_22 @aishakhumayro
@bintu_akmal_1994,@rayyonka2025 @sun.shine232425 @silent_moonlight_777 @happy_lady_2025.05 @happy_mom_dilka @abdurozzoqovagulruh041
@dilichka_1221,@ritochka_angelochka @dil_ikromova @no_one_is_forever_1994 @sun.shine232425 @xidirovax
@imoshka800,@ritochka_angelochka @dil_ikromova @no_one_is_forever_1994 @sun.shine232425 @xidirovax
@talaba.qiz.33,"@advokat2001 
@gulchiroy.003003
@gulitajimuratova2 

Yutish nasib qilsin 2 ta farzandim @star_house_residence  iltimos yordam qilinglar hamma shartni bajardim"
@miss_yuristka.2022,@navruzova_tanho_663
@alijanova_g.b,@mamedova__sevinch__ @elshodbek_979 @hodayberdievk @ahrorbek_737 @firdavss010 â¤ï¸â¤ï¸â¤ï¸â¤ï¸â¤ï¸â¤ï¸â¤ï¸â¤ï¸â¤ï¸â¤ï¸â¤ï¸â¤ï¸â¤ï¸â¤ï¸â¤ï¸â¤ï¸
@bu_maryam_090,@dildoraxon_2 @jannatgulim_29 @ummu_mustafa__ @malak_292m @faxriddinovna_1229
@saman_vlog_00,@latipov__aziz @krbanv.17 @samandar_ltpv @avicennablog @fa.rangiz104
@xorazm488,@miss_yuristka_2022 @oddiy_yigit_0929 @shoira.505  @tabassum.22222 @olam1801
@asal.52588,@jozibador.4 @lobar.13333 @azizaxon496 @yulduzcha.1222 @kumushxon.23 @farishta.006006
@jozibador.4,@shoira.505 @miss.baby.2022 @qonun.uz15 @aziza.12222 @guli.16661
@surayyo785294,@gullar.343 @miss_yuristka_2022 @pazanda.12222 @oddiy_yigit_0929 @studentka.20222 @baxt.kaliti.2022
@humo_786,@qirolicha_385 @miss_yuristka_2022 @aziz_axon47 @guli.16660 @gulitajimuratova2
@shoira.505,@qirolicha.385 @miss_yuristka_2022 @stroygorod.orikzor @muslima.018018 @jurnalist1278
@zuhr_a878,@oilam.baxtim.5055 @miss_yuristka_2022 @ergashkurbanbayev @xusanoof_official @atirgul.2022
@yorqinuylar,Talabamasman nu yaxshi loyixa boshlabsila hammaga omadğŸ”¥
@qmahammadjonov,ğŸ”¥ğŸ”¥ğŸ”¥ğŸ™Œ
@the_akbarovf_06,@sanakulov_0 @xalikovich_9909 @_shj03 @xushnudbek0_6 @nayimovafarangiz
@holisovainobat,ğŸ”¥ğŸ”¥ğŸ”¥
@nodirbek_yuldashev1,@fozilbek__official @fozilbek__official
@shuhratjon7269,ğŸ‘ğŸ‘ğŸ‘ğŸ‘
@sarvirka,@_dadajonovna @shuxratovna_sh0906 @ikramkhadjayeva18
@uzb_milliy_uni,@17.norovv @d.davranvch
@erkaboyev_ulugbek_alijonovich,@_sol1ham_0204
@_sol1ham_0204,@erkaboyev_ulugbek_alijonovich  @otkirovna_02_  @gul1m_1706_ @axiy__men @kxolmuradov_700
@ziyoma05,Gap yo lekin
@mal1ka_0126,@musilmanka__9800 @maloxat_rustamovna0627
@_loc1n_ake_o18,@rasulbek.xoldarov @doston25_05 @_abramo_001 @bek.oken033 @shahriyor_xudoyshukurov
@bek.oken033,@shahriyor_xudoyshukurov @elmakhmatooff @_loc1n_ake_o18 @ali_o3.zzz @doston25_05 @sardor__developer
@master.electrician_tash,@abdullokh_6679 @javokhir_cnc @chocoberry_tash @s.a.u.y.k  @makhkamov__079 @abdumalik_838
@nargiza_diyarova,@diyorova_dilsuz  @amelia19_01  @sandjarovnas  @nazarovaoygul248  @malikaavliyoqulova
@olimovasl,ğŸ”¥ğŸ”¥ğŸ”¥ğŸ”¥ğŸ”¥
@odilvich_k,"Bolajak studentman juda zor aksiya , star househa rahmat"
@pichoq_chefs,Farzandim yutvosin ğŸ‘ğŸ™Œ zor aksiya
@rejissyor_kuchkarov_umid,ğŸ”¥ğŸ”¥ğŸ”¥
@lola__1703,Talabalarga zor imkoniyatğŸ˜ğŸ”¥ğŸ‘
@jasurbek_programmer,ğŸ”¥ğŸ”¥ğŸ”¥ğŸ”¥
